sequence_id	sequence	rev_comp	productive	vj_in_frame	stop_codon	locus	v_call	d_call	j_call	c_call	sequence_alignment	germline_alignment	junction	junction_aa	cdr1	cdr2	cdr3	fwr1	fwr2	fwr3	fwr4	v_score	v_identity	v_support	v_cigar	d_score	d_identity	d_support	d_cigar	j_score	j_identity	j_support	j_cigar	v_sequence_start	v_sequence_end	v_germline_start	v_germline_end	d_sequence_start	d_sequence_end	d_germline_start	d_germline_end	j_sequence_start	j_sequence_end	j_germline_start	j_germline_end	junction_length	np1_length	np2_length	consensus_count	duplicate_count	prcons	c_primer	v_primer	subject_id	species	pcr_target_locus	treatment	tissue	population	single_cell	sex	age	biomaterial_provider	seq_len	sample_id	collapse_pass	collapse_count
1GCAGAAGTTTAGGTC,1GCAGAAGTTTAGGTC	GGCTCAGGACTGGTGAAGCCTTCACAGACCCTGTCCCTCACCTGCAGTGTCTCTGGATACTCCATCACCAGTGCTGCTTTCTCCTGGACCTGGATCCGGCAGGCCCCAGGGAAGGGCCTGGAGTGGATTGGGTACATGTATTATGGAGGGAGCCCCCTCTACAACCCGTCCCTCAGGAGTCGAGTTAACATATCCGTTGACACGTCCAAGAACCAGTTCTCCCTGAGGCTGAACTCTGTGACCGCCGCGGACACGGCCGTATATTACTGTGCCAGAGGCCGTAGTAGGGTTCATCCACCACTCGACCCCTGGGGCCAGGGAACCCTGGTCACCGTCTCCTCAGCCT	T	T	T	F	IGH	IGHV4-30-2*01,IGHV4-30-2*05,IGHV4-30-2*06	IGHD2-2*01,IGHD2-2*02,IGHD2-2*03	IGHJ5*02	IGHG	.....................GGCTCA...GGACTGGTGAAGCCTTCACAGACCCTGTCCCTCACCTGCAGTGTCTCTGGATACTCCATCACC......AGTGCTGCTTTCTCCTGGACCTGGATCCGGCAGGCCCCAGGGAAGGGCCTGGAGTGGATTGGGTACATGTATTATGGA.........GGGAGCCCCCTCTACAACCCGTCCCTCAGG...AGTCGAGTTAACATATCCGTTGACACGTCCAAGAACCAGTTCTCCCTGAGGCTGAACTCTGTGACCGCCGCGGACACGGCCGTATATTACTGTGCCAGAGGCCGTAGTAGGGTTCATCCACCACTCGACCCCTGGGGCCAGGGAACCCTGGTCACCGTCTCCTCAG	CAGCTGCAGCTGCAGGAGTCCGGCTCA...GGACTGGTGAAGCCTTCACAGACCCTGTCCCTCACCTGCGCTGTCTCTGGTGGCTCCATCAGC......AGTGGTGGTTACTCCTGGAGCTGGATCCGGCAGCCACCAGGGAAGGGCCTGGAGTGGATTGGGTACATCTATCATAGT.........GGGAGCACCTACTACAACCCGTCCCTCAAG...AGTCGAGTCACCATATCAGTAGACAGGTCCAAGAACCAGTTCTCCCTGAAGCTGAGCTCTGTGACCGCCGCGGACACGGCCGTGTATTACTGTGCCAGAGNNNGTAGTAGNNNNNNNNNNNNNNTCGACCCCTGGGGCCAGGGAACCCTGGTCACCGTCTCCTCAG	TGTGCCAGAGGCCGTAGTAGGGTTCATCCACCACTCGACCCCTGG	CARGRSRVHPPLDPW	GGATACTCCATCACC......AGTGCTGCTTTCTCC	ATGTATTATGGA.........GGGAGCCCC	GCCAGAGGCCGTAGTAGGGTTCATCCACCACTCGACCCC	.....................GGCTCA...GGACTGGTGAAGCCTTCACAGACCCTGTCCCTCACCTGCAGTGTCTCT	TGGACCTGGATCCGGCAGGCCCCAGGGAAGGGCCTGGAGTGGATTGGGTAC	CTCTACAACCCGTCCCTCAGG...AGTCGAGTTAACATATCCGTTGACACGTCCAAGAACCAGTTCTCCCTGAGGCTGAACTCTGTGACCGCCGCGGACACGGCCGTATATTACTGT	TGGGGCCAGGGAACCCTGGTCACCGTCTCCTCAG	346	0.8989199999999995	3.6800000000000005e-97	21N45=2X9=3X8=1X5=1X2=1X2=1X8=1X13=1X1=1X32=1X3=1X2=1X1=1X6=1X2=2X17=1X9=1X1=1X6=1X2=1X4=1X23=1X5=1X27=1X16=	14.1	1	13	280S8N7=	81.4	1	1.23e-19	301S9N42=	1	277	1	319	281	287	9	15	302	343	10	51	45	3	14	29	20	IGHG,20100505_IGHV_left_17	IGHG	20100505_IGHV_left_17	M5	human	IG	Brain_lesion	Baseline	Bcell	FALSE	female	63	uni_tue	385	SRR1383466	TRUE	4
1AGCCACGGCCTTCCT,1AGCCACGGCCTTCCT	GGCCCAGGACTGGTGAAGCCTTCGGAGACCCTGTCCCTCACCTGCGCTGTCTCTGGTGACTCCATCAGTAGTTACTACTGGAACTGGATCCGGCAGCCCCCAGGGAAGGGACTGGAGTGGATTGGGTATATCTATTTCAGTGGGAGCACCAGCTATAACCCCTCCCTCAAGAGTCGGGTCACCATATCAGTAGACACGTCCAAGAAACAGTTCTCTCTGAAGCTGACCTCTGTGACCGCTGCGGACACGGCCGTGTATTACTGTGCGAGAGATCGGGGTTCCAGAAGCAGCAGCCCGCGGCGATACTACTACGGTATGGACGTCTGGGGCCAAGGGACCACGGTCACCGTCTCCTCAGCCT	T	T	T	F	IGH	IGHV4-59*01	IGHD6-13*01	IGHJ6*02	IGHG	.....................GGCCCA...GGACTGGTGAAGCCTTCGGAGACCCTGTCCCTCACCTGCGCTGTCTCTGGTGACTCCATC............AGTAGTTACTACTGGAACTGGATCCGGCAGCCCCCAGGGAAGGGACTGGAGTGGATTGGGTATATCTATTTCAGT.........GGGAGCACCAGCTATAACCCCTCCCTCAAG...AGTCGGGTCACCATATCAGTAGACACGTCCAAGAAACAGTTCTCTCTGAAGCTGACCTCTGTGACCGCTGCGGACACGGCCGTGTATTACTGTGCGAGAGATCGGGGTTCCAGAAGCAGCAGCCCGCGGCGATACTACTACGGTATGGACGTCTGGGGCCAAGGGACCACGGTCACCGTCTCCTCAG	CAGGTGCAGCTGCAGGAGTCGGGCCCA...GGACTGGTGAAGCCTTCGGAGACCCTGTCCCTCACCTGCACTGTCTCTGGTGGCTCCATC............AGTAGTTACTACTGGAGCTGGATCCGGCAGCCCCCAGGGAAGGGACTGGAGTGGATTGGGTATATCTATTACAGT.........GGGAGCACCAACTACAACCCCTCCCTCAAG...AGTCGAGTCACCATATCAGTAGACACGTCCAAGAACCAGTTCTCCCTGAAGCTGAGCTCTGTGACCGCTGCGGACACGGCCGTGTATTACTGTGCGAGAGANNNNNNNNNNNNNAGCAGCAGCNNNNNNNNNTACTACTACGGTATGGACGTCTGGGGCCAAGGGACCACGGTCACCGTCTCCTCAG	TGTGCGAGAGATCGGGGTTCCAGAAGCAGCAGCCCGCGGCGATACTACTACGGTATGGACGTCTGG	CARDRGSRSSSPRRYYYGMDVW	GGTGACTCCATC............AGTAGTTACTAC	ATCTATTTCAGT.........GGGAGCACC	GCGAGAGATCGGGGTTCCAGAAGCAGCAGCCCGCGGCGATACTACTACGGTATGGACGTC	.....................GGCCCA...GGACTGGTGAAGCCTTCGGAGACCCTGTCCCTCACCTGCGCTGTCTCT	TGGAACTGGATCCGGCAGCCCCCAGGGAAGGGACTGGAGTGGATTGGGTAT	AGCTATAACCCCTCCCTCAAG...AGTCGGGTCACCATATCAGTAGACACGTCCAAGAAACAGTTCTCTCTGAAGCTGACCTCTGTGACCGCTGCGGACACGGCCGTGTATTACTGT	TGGGGCCAAGGGACCACGGTCACCGTCTCCTCAG	394	0.96324	1.1100000000000001e-111	21N45=1X12=1X23=1X53=1X14=1X3=1X20=1X29=1X8=1X10=1X45=	18	1	0.93	285S6N9=	106	1	3.85e-27	303S8N55=	1	272	1	320	286	294	7	15	304	358	9	63	66	13	9	5	5	IGHG,20100505_IGHV_left_35	IGHG	20100505_IGHV_left_35	M5	human	IG	Brain_lesion	Baseline	Bcell	FALSE	female	63	uni_tue	406	SRR1383466	TRUE	
1AAGCAAAGGAACGTC,1AAGCAAAGGAACGTC	GGCCCGGGACTGGTGAGGCCTTCACAGACCCTGTCCCTCACCTGCACTGTCTCTGGTGGCTCCATCACCAGTGGTCGTTACTACTGGACCTGGATCCGGCAGACCGCCGGGAAGGGATTGGAGTGGATTGGGCGAATCTACACCAGTGGGGGCACCAACTACAACCCCTCCTTCGAGAGTCGCGTCACCATATCAATGGACACGTCCAGCAACCACTTCTCCCTGCAGCTGAGCTCTGTGACCGTCGCAGACACGGCCGTATATTTCTGTGCGAGGGCAGATTACTCTGTTTCGGGGACCCCCTTTGACTACTGGGGCCAGGGAACCCTGGTCGCCGTCTTGTCGGCCT	T	T	T	F	IGH	IGHV4-61*02	IGHD3-10*01	IGHJ4*02	IGHG	.....................GGCCCG...GGACTGGTGAGGCCTTCACAGACCCTGTCCCTCACCTGCACTGTCTCTGGTGGCTCCATCACC......AGTGGTCGTTACTACTGGACCTGGATCCGGCAGACCGCCGGGAAGGGATTGGAGTGGATTGGGCGAATCTACACCAGT.........GGGGGCACCAACTACAACCCCTCCTTCGAG...AGTCGCGTCACCATATCAATGGACACGTCCAGCAACCACTTCTCCCTGCAGCTGAGCTCTGTGACCGTCGCAGACACGGCCGTATATTTCTGTGCGAGGGCAGATTACTCTGTTTCGGGGACCCCCTTTGACTACTGGGGCCAGGGAACCCTGGTCGCCGTCT	CAGGTGCAGCTGCAGGAGTCGGGCCCA...GGACTGGTGAAGCCTTCACAGACCCTGTCCCTCACCTGCACTGTCTCTGGTGGCTCCATCAGC......AGTGGTAGTTACTACTGGAGCTGGATCCGGCAGCCCGCCGGGAAGGGACTGGAGTGGATTGGGCGTATCTATACCAGT.........GGGAGCACCAACTACAACCCCTCCCTCAAG...AGTCGAGTCACCATATCAGTAGACACGTCCAAGAACCAGTTCTCCCTGAAGCTGAGCTCTGTGACCGCCGCAGACACGGCCGTGTATTACTGTGCGAGNNNNNATTACTATGGTTCGGGGANNNNCTTTGACTACTGGGGCCAGGGAACCCTGGTCACCGTCT	TGTGCGAGGGCAGATTACTCTGTTTCGGGGACCCCCTTTGACTACTGG	CARADYSVSGTPFDYW	GGTGGCTCCATCACC......AGTGGTCGTTACTAC	ATCTACACCAGT.........GGGGGCACC	GCGAGGGCAGATTACTCTGTTTCGGGGACCCCCTTTGACTAC	.....................GGCCCG...GGACTGGTGAGGCCTTCACAGACCCTGTCCCTCACCTGCACTGTCTCT	TGGACCTGGATCCGGCAGACCGCCGGGAAGGGATTGGAGTGGATTGGGCGA	AACTACAACCCCTCCTTCGAG...AGTCGCGTCACCATATCAATGGACACGTCCAGCAACCACTTCTCCCTGCAGCTGAGCTCTGTGACCGTCGCAGACACGGCCGTATATTTCTGT	TGGGGCCAGGGAACCCTGGTCGCCGTCT	361	0.92	7.589999999999999e-102	21N5=1X10=1X50=1X7=1X12=1X13=1X14=1X16=1X5=1X9=1X20=1X2=1X7=1X12=1X1=1X10=2X5=1X9=1X18=1X15=1X4=1X9=	23.8	0.8888900000000004	0.016	280S2N6=1X2=1X8=	68	0.97368	1.4e-15	302S4N31=1X6=	1	275	1	317	281	298	3	20	303	340	5	42	48	5	4	6	5	IGHG,20100505_IGHV_left_38	IGHG	20100505_IGHV_left_38	M5	human	IG	Brain_lesion	Baseline	Bcell	FALSE	female	63	uni_tue	382	SRR1383466	TRUE	2
1TAAAGGGGCGCAGCG,1TAAAGGGGCGCAGCG	GGGCTGAGGTGAAGAAGCCTGGGGCCTCAGTGAAGGTCTCCTGCAAGACTTCTGGATATATCTTCACCGGCTACTATATACACTGGGTGCGACAGGCCCCTGGACAAGGGCTTGAGTGGATGGCATGGATCAACCCTAACACTGGTGGCACAAAGTATGCACAGAAGTTTCAGGGCAGAGTCACCATGAGCAGGGACACGTCCATCAGCACAGCCTACGTGGAGCTGAGCAGCCTGACATCTGACGACACGGCCGTATATTACTGTGCGAGAGACCAAAGAGGTATTACGATTTTTGGAGTGGTCACTGACTACTACTACCTAGGTATGGACGTCTGGGGCCAAGGGACCACGGTCACCGTCTCCTCAGCCT	T	T	T	F	IGH	IGHV1-2*02	IGHD3-3*01	IGHJ6*02	IGHG	......................GGGCT...GAGGTGAAGAAGCCTGGGGCCTCAGTGAAGGTCTCCTGCAAGACTTCTGGATATATCTTC............ACCGGCTACTATATACACTGGGTGCGACAGGCCCCTGGACAAGGGCTTGAGTGGATGGCATGGATCAACCCTAAC......ACTGGTGGCACAAAGTATGCACAGAAGTTTCAG...GGCAGAGTCACCATGAGCAGGGACACGTCCATCAGCACAGCCTACGTGGAGCTGAGCAGCCTGACATCTGACGACACGGCCGTATATTACTGTGCGAGAGACCAAAGAGGTATTACGATTTTTGGAGTGGTCACTGACTACTACTACCTAGGTATGGACGTCTGGGGCCAAGGGACCACGGTCACCGTCTCCTCAG	CAGGTGCAGCTGGTGCAGTCTGGGGCT...GAGGTGAAGAAGCCTGGGGCCTCAGTGAAGGTCTCCTGCAAGGCTTCTGGATACACCTTC............ACCGGCTACTATATGCACTGGGTGCGACAGGCCCCTGGACAAGGGCTTGAGTGGATGGGATGGATCAACCCTAAC......AGTGGTGGCACAAACTATGCACAGAAGTTTCAG...GGCAGGGTCACCATGACCAGGGACACGTCCATCAGCACAGCCTACATGGAGCTGAGCAGGCTGAGATCTGACGACACGGCCGTGTATTACTGTGCGAGAGANNNNNNNNGTATTACGATTTTTGGAGTGGTNNNNNACTACTACTACTACGGTATGGACGTCTGGGGCCAAGGGACCACGGTCACCGTCTCCTCAG	TGTGCGAGAGACCAAAGAGGTATTACGATTTTTGGAGTGGTCACTGACTACTACTACCTAGGTATGGACGTCTGG	CARDQRGITIFGVVTDYYYLGMDVW	GGATATATCTTC............ACCGGCTACTAT	ATCAACCCTAAC......ACTGGTGGCACA	GCGAGAGACCAAAGAGGTATTACGATTTTTGGAGTGGTCACTGACTACTACTACCTAGGTATGGACGTC	......................GGGCT...GAGGTGAAGAAGCCTGGGGCCTCAGTGAAGGTCTCCTGCAAGACTTCT	ATACACTGGGTGCGACAGGCCCCTGGACAAGGGCTTGAGTGGATGGCATGG	AAGTATGCACAGAAGTTTCAG...GGCAGAGTCACCATGAGCAGGGACACGTCCATCAGCACAGCCTACGTGGAGCTGAGCAGCCTGACATCTGACGACACGGCCGTATATTACTGT	TGGGGCCAAGGGACCACGGTCACCGTCTCCTCAG	388	0.95255	8.64e-110	22N47=1X10=1X1=1X18=1X43=1X17=1X12=1X23=1X10=1X28=1X13=1X4=1X18=1X17=	43	1	2.869999999999999e-8	282S22=	98.7	0.9500000000000004	8.21e-25	309S3N11=3X46=	1	274	1	320	283	304	1	22	310	369	4	63	75	8	5	16	12	IGHG,20100505_IGHV_left_14	IGHG	20100505_IGHV_left_14	M5	human	IG	Brain_lesion	Baseline	Bcell	FALSE	female	63	uni_tue	415	SRR1383466	TRUE	7
1GACTACCTGTACGTT,1GACTACCTGTACGTT	GGGAGGCTTGGTAAAGCCTGGAGGGTCCCTTAGACTGTCCTGTGCAGTCTCTGGATTCACTTTCAATAACGCCTGGATGAGCTGGGTCCGCCAGGCTCCAGGGAAGGGGCTGGAGTGGATTAGCCGTATTAAATTCAATGCTGCTGAGACAGAATACGCTGCACCCGTAAAAGGCAGATTCATCATCTCAAGGGATGATTCAAAAACCACGCTGTTTCTGCAAATGAACGGCCTGATAACCGAGGACACAGCCGTGTATTTCTGTGGCGCAGACGTATCTTACCAAGGTTCGGGGGAAATTGACTTCTGGGGCCAGGGAACCCTGGTCACCGTCTCCTCAGCAT	T	T	T	F	IGH	IGHV3-15*01	IGHD3-10*01	IGHJ4*02	IGHA	.......................GGGA...GGCTTGGTAAAGCCTGGAGGGTCCCTTAGACTGTCCTGTGCAGTCTCTGGATTCACTTTC............AATAACGCCTGGATGAGCTGGGTCCGCCAGGCTCCAGGGAAGGGGCTGGAGTGGATTAGCCGTATTAAATTCAATGCTGCTG------AGACAGAATACGCTGCACCCGTAAAA...GGCAGATTCATCATCTCAAGGGATGATTCAAAAACCACGCTGTTTCTGCAAATGAACGGCCTGATAACCGAGGACACAGCCGTGTATTTCTGTGGCGCAGACGTATCTTACCAAGGTTCGGGGGAAATTGACTTCTGGGGCCAGGGAACCCTGGTCACCGTCTCCTCAG	GAGGTGCAGCTGGTGGAGTCTGGGGGA...GGCTTGGTAAAGCCTGGGGGGTCCCTTAGACTCTCCTGTGCAGCCTCTGGATTCACTTTC............AGTAACGCCTGGATGAGCTGGGTCCGCCAGGCTCCAGGGAAGGGGCTGGAGTGGGTTGGCCGTATTAAAAGCAAAACTGATGGTGGGACAACAGACTACGCTGCACCCGTGAAA...GGCAGATTCACCATCTCAAGAGATGATTCAAAAAACACGCTGTATCTGCAAATGAACAGCCTGAAAACCGAGGACACAGCCGTGTATTACTGTACCACAGANNNNNNTTACTATGGTTCGGGGNNNNTTGACTACTGGGGCCAGGGAACCCTGGTCACCGTCTCCTCAG	TGTGGCGCAGACGTATCTTACCAAGGTTCGGGGGAAATTGACTTCTGG	CGADVSYQGSGEIDFW	GGATTCACTTTC............AATAACGCCTGG	ATTAAATTCAATGCTGCTG------AGACA	GGCGCAGACGTATCTTACCAAGGTTCGGGGGAAATTGACTTC	.......................GGGA...GGCTTGGTAAAGCCTGGAGGGTCCCTTAGACTGTCCTGTGCAGTCTCT	ATGAGCTGGGTCCGCCAGGCTCCAGGGAAGGGGCTGGAGTGGATTAGCCGT	GAATACGCTGCACCCGTAAAA...GGCAGATTCATCATCTCAAGGGATGATTCAAAAACCACGCTGTTTCTGCAAATGAACGGCCTGATAACCGAGGACACAGCCGTGTATTTCTGT	TGGGGCCAGGGAACCCTGGTCACCGTCTCCTCAG	333	0.8888900000000004	2.0699999999999997e-93	23N21=1X14=1X10=1X17=1X52=1X2=1X11=2X3=2X3=1X2=6I2X5=1X14=1X13=1X9=1X13=1X8=1X13=1X6=1X23=1X4=2X1=1X4=	19.9	0.8750000000000004	0.23	279S3N4=1X1=1X9=	75.7	0.97619	6.68e-18	299S6N6=1X35=	1	273	1	320	280	295	4	19	300	341	7	48	48	6	4	4	2	IGHA,20100505_IGHV_left_2	IGHA	20100505_IGHV_left_2	M5	human	IG	Brain_lesion	Baseline	Bcell	FALSE	female	63	uni_tue	388	SRR1383466	TRUE	2
1AACATACAACCCCTT,1AACATACAACCCCTT	GGGAGGCGTGGTCTACCCTGGGAGGCCCCTGAGACTCTCCTGTGCAGCCTCTGGATTCACCTTCAGGACTTTTGGCATGCACTGGGTCCGCCAGGCTCCAGGCAAGGGGCTGGAGTGGGTGGCATTTATATCATATGATGGAGGTGACACATATTATGCAGACTCCGTGAAGGGCCGCTTCACCATCTCCAGAGACAATTCCAAGAACACTCTGTATCTGCAAATGAACAGCCTGAGAGTTGAGGACACGGCTGTGTATCACTGTGCGAAAGATCGTCAGTTGTGGACGTACTTCTTTGACTACTGGGGCCAGGGATCCCTGGTCACCGTCTCCTCAGCAT	T	T	T	F	IGH	IGHV3-30*18,IGHV3-30-5*01	IGHD2-21*01,IGHD2-21*02	IGHJ4*02	IGHA	.......................GGGA...GGCGTGGTCTACCCTGGGAGGCCCCTGAGACTCTCCTGTGCAGCCTCTGGATTCACCTTC............AGGACTTTTGGCATGCACTGGGTCCGCCAGGCTCCAGGCAAGGGGCTGGAGTGGGTGGCATTTATATCATATGAT......GGAGGTGACACATATTATGCAGACTCCGTGAAG...GGCCGCTTCACCATCTCCAGAGACAATTCCAAGAACACTCTGTATCTGCAAATGAACAGCCTGAGAGTTGAGGACACGGCTGTGTATCACTGTGCGAAAGATCGTCAGTTGTGGACGTACTTCTTTGACTACTGGGGCCAGGGATCCCTGGTCACCGTCTCCTCAG	CAGGTGCAGCTGGTGGAGTCTGGGGGA...GGCGTGGTCCAGCCTGGGAGGTCCCTGAGACTCTCCTGTGCAGCCTCTGGATTCACCTTC............AGTAGCTATGGCATGCACTGGGTCCGCCAGGCTCCAGGCAAGGGGCTGGAGTGGGTGGCAGTTATATCATATGAT......GGAAGTAATAAATACTATGCAGACTCCGTGAAG...GGCCGATTCACCATCTCCAGAGACAATTCCAAGAACACGCTGTATCTGCAAATGAACAGCCTGAGAGCTGAGGACACGGCTGTGTATTACTGTGCGAAAGANNNNNNNTTGTGGNNNNACTACTTTGACTACTGGGGCCAGGGAACCCTGGTCACCGTCTCCTCAG	TGTGCGAAAGATCGTCAGTTGTGGACGTACTTCTTTGACTACTGG	CAKDRQLWTYFFDYW	GGATTCACCTTC............AGGACTTTTGGC	ATATCATATGAT......GGAGGTGACACA	GCGAAAGATCGTCAGTTGTGGACGTACTTCTTTGACTAC	.......................GGGA...GGCGTGGTCTACCCTGGGAGGCCCCTGAGACTCTCCTGTGCAGCCTCT	ATGCACTGGGTCCGCCAGGCTCCAGGCAAGGGGCTGGAGTGGGTGGCATTT	TATTATGCAGACTCCGTGAAG...GGCCGCTTCACCATCTCCAGAGACAATTCCAAGAACACTCTGTATCTGCAAATGAACAGCCTGAGAGTTGAGGACACGGCTGTGTATCACTGT	TGGGGCCAGGGATCCCTGGTCACCGTCTCCTCAG	374	0.9377300000000004	1.31e-105	23N13=1X1=1X9=1X40=1X1=2X1=1X52=1X17=1X2=1X1=1X1=1X3=1X23=1X32=1X28=1X19=1X13=	12.2	1	48	280S6N6=	81.4	0.95833	1.22e-19	290S3=1X22=1X21=	1	273	1	320	281	286	7	12	291	338	1	48	45	7	4	19	18	IGHA,20100505_IGHV_left_2	IGHA	20100505_IGHV_left_2	M5	human	IG	Brain_lesion	Baseline	Bcell	FALSE	female	63	uni_tue	385	SRR1383466	TRUE	5
1TCCAGCCATTCAATC,1TCCAGCCATTCAATC	GGGAGGCCTGGTCAAGCCTGGGGGGTCCCTGAGACTCTCCTGTGCAGCCTCTGGATTCACCTTCAGTGACTCTAGCATGTTCTGGGTCCGCCAGGCTCCAGGAAAGGGGCTGGAGTGGGTCTCCTGCATTAGTAGTAATCAGAATTACATAAATTACGCAGACTCAGTGAAGGGCCGATTCACCATCTCCAGAGAGAACGCCCGGAACTCACTGTATCTGCAAATGAACAGTCTGAGAGTCGAGGACACGGCTGTGTATTACTGTGCGACAGTGAGCCCGTACACCAGTAGCTGGTATCCCTTCTTTGACAACTGGGGCCAGGGAACCCGGGTCACCGTCTCCTCCGCCT	T	T	T	F	IGH	IGHV3-21*01,IGHV3-21*02	IGHD6-13*01,IGHD6-19*01	IGHJ4*02	IGHG	.......................GGGA...GGCCTGGTCAAGCCTGGGGGGTCCCTGAGACTCTCCTGTGCAGCCTCTGGATTCACCTTC............AGTGACTCTAGCATGTTCTGGGTCCGCCAGGCTCCAGGAAAGGGGCTGGAGTGGGTCTCCTGCATTAGTAGTAAT......CAGAATTACATAAATTACGCAGACTCAGTGAAG...GGCCGATTCACCATCTCCAGAGAGAACGCCCGGAACTCACTGTATCTGCAAATGAACAGTCTGAGAGTCGAGGACACGGCTGTGTATTACTGTGCGACAGTGAGCCCGTACACCAGTAGCTGGTATCCCTTCTTTGACAACTGGGGCCAGGGAACCCGGGTCACCGTCTCCTC	GAGGTGCAGCTGGTGGAGTCTGGGGGA...GGCCTGGTCAAGCCTGGGGGGTCCCTGAGACTCTCCTGTGCAGCCTCTGGATTCACCTTC............AGTAGCTATAGCATGAACTGGGTCCGCCAGGCTCCAGGGAAGGGGCTGGAGTGGGTCTCATCCATTAGTAGTAGT......AGTAGTTACATATACTACGCAGACTCAGTGAAG...GGCCGATTCACCATCTCCAGAGACAACGCCAAGAACTCACTGTATCTGCAAATGAACAGCCTGAGAGCCGAGGACACGGCTGTGTATTACTGTGCGAGAGNNNNNNNNNNNNNCAGCAGCTGGTANNNNNNCTTTGACTACTGGGGCCAGGGAACCCTGGTCACCGTCTCCTC	TGTGCGACAGTGAGCCCGTACACCAGTAGCTGGTATCCCTTCTTTGACAACTGG	CATVSPYTSSWYPFFDNW	GGATTCACCTTC............AGTGACTCTAGC	ATTAGTAGTAAT......CAGAATTACATA	GCGACAGTGAGCCCGTACACCAGTAGCTGGTATCCCTTCTTTGACAAC	.......................GGGA...GGCCTGGTCAAGCCTGGGGGGTCCCTGAGACTCTCCTGTGCAGCCTCT	ATGTTCTGGGTCCGCCAGGCTCCAGGAAAGGGGCTGGAGTGGGTCTCCTGC	AATTACGCAGACTCAGTGAAG...GGCCGATTCACCATCTCCAGAGAGAACGCCCGGAACTCACTGTATCTGCAAATGAACAGTCTGAGAGTCGAGGACACGGCTGTGTATTACTGT	TGGGGCCAGGGAACCCGGGTCACCGTCTCCTC	360	0.9227900000000004	2.2400000000000017e-101	23N67=2X2=1X7=2X21=1X20=1X1=1X11=1X1=3X1=1X7=1X1=1X41=1X6=2X27=1X7=1X29=1X2=	18	0.9166700000000004	0.9	285S8N3=1X8=	69.9	0.95238	3.7099999999999996e-16	303S4N7=1X18=1X15=	1	272	1	319	286	297	9	20	304	345	5	46	54	13	6	6	4	IGHG,20100505_IGHV_left_2	IGHG	20100505_IGHV_left_2	M5	human	IG	Brain_lesion	Baseline	Bcell	FALSE	female	63	uni_tue	392	SRR1383466	TRUE	2
1GCGGGTCATTGGCTA,1GCGGGTCATTGGCTA	GGGGAGGCTTGGTCCAGCCTGGGGGGTCCCTGACAATTTCCTGTACAGCCGCTGGATTCACGTTTGGAAACTATTGGATGACTTGGGTCCGCCAGGCTCCAGGGAAGGGGCTGGAGTGGGTGGCCAACATAAAGGAAGACGGAACTGAGAAAAACTATGTGGACTCTGTGAAGGGCCGATTCACCATCTCCAGAGACAACGCCAGGAACTCATTGTATCTGCAAATGAACAGCCTGAGAGTCGAGGACACGGCTCTTTATTACTGTGCGAGAGTATACAATACGATCTATGGAATAGTTACGCAGAGGGGATCCGGTATGGACGTCTGGGGCCAAGGGACGACGGTCATCGTCTCCTCAGCCT	T	T	T	F	IGH	IGHV3-7*01	IGHD3-3*01	IGHJ6*02	IGHG	......................GGGGA...GGCTTGGTCCAGCCTGGGGGGTCCCTGACAATTTCCTGTACAGCCGCTGGATTCACGTTT............GGAAACTATTGGATGACTTGGGTCCGCCAGGCTCCAGGGAAGGGGCTGGAGTGGGTGGCCAACATAAAGGAAGAC......GGAACTGAGAAAAACTATGTGGACTCTGTGAAG...GGCCGATTCACCATCTCCAGAGACAACGCCAGGAACTCATTGTATCTGCAAATGAACAGCCTGAGAGTCGAGGACACGGCTCTTTATTACTGTGCGAGAGTATACAATACGATCTATGGAATAGTTACGCAGAGGGGATCCGGTATGGACGTCTGGGGCCAAGGGACGACGGTCATCGTCTCCTCAG	GAGGTGCAGCTGGTGGAGTCTGGGGGA...GGCTTGGTCCAGCCTGGGGGGTCCCTGAGACTCTCCTGTGCAGCCTCTGGATTCACCTTT............AGTAGCTATTGGATGAGCTGGGTCCGCCAGGCTCCAGGGAAGGGGCTGGAGTGGGTGGCCAACATAAAGCAAGAT......GGAAGTGAGAAATACTATGTGGACTCTGTGAAG...GGCCGATTCACCATCTCCAGAGACAACGCCAAGAACTCACTGTATCTGCAAATGAACAGCCTGAGAGCCGAGGACACGGCTGTGTATTACTGTGCGAGAGNNNNNNNTACGATTTTTGGAGTGGTTANNNNNNNNNNNNNCGGTATGGACGTCTGGGGCCAAGGGACCACGGTCACCGTCTCCTCAG	TGTGCGAGAGTATACAATACGATCTATGGAATAGTTACGCAGAGGGGATCCGGTATGGACGTCTGG	CARVYNTIYGIVTQRGSGMDVW	GGATTCACGTTT............GGAAACTATTGG	ATAAAGGAAGAC......GGAACTGAGAAA	GCGAGAGTATACAATACGATCTATGGAATAGTTACGCAGAGGGGATCCGGTATGGACGTC	......................GGGGA...GGCTTGGTCCAGCCTGGGGGGTCCCTGACAATTTCCTGTACAGCCGCT	ATGACTTGGGTCCGCCAGGCTCCAGGGAAGGGGCTGGAGTGGGTGGCCAAC	AACTATGTGGACTCTGTGAAG...GGCCGATTCACCATCTCCAGAGACAACGCCAGGAACTCATTGTATCTGCAAATGAACAGCCTGAGAGTCGAGGACACGGCTCTTTATTACTGT	TGGGGCCAAGGGACGACGGTCATCGTCTCCTCAG	364	0.9267400000000007	9.13e-103	22N33=1X1=1X1=1X6=1X5=1X10=1X3=1X1=1X1=1X11=2X51=1X4=1X4=1X7=1X51=1X7=1X27=1X13=1X1=1X16=	16.1	0.8	3.5	280S4N6=1X1=1X4=1X1=1X4=	79.5	0.95745	4.91e-19	313S16N27=1X7=1X11=	1	273	1	319	281	300	5	24	314	360	17	63	66	7	13	5	5	IGHG,20100505_IGHV_left_14	IGHG	20100505_IGHV_left_14	M5	human	IG	Brain_lesion	Baseline	Bcell	FALSE	female	63	uni_tue	406	SRR1383466	TRUE	14
1TTCCACTAGTCGGGT,1TTCCACTAGTCGGGT	GGGAGGCTTGGTCCGGCCGGGGGGGTCCCTGACACTCTCCTGTGTAGCCTCTGGATTCACCTTCAGTCGTTACTGGATGACGTGGGTCCGCCAGGCTCCAGGGAAGGGGCTGGACTGGGTGGCCAACATAAGGCCAGATGGAAGTGAGACATATTATGTGGACTCTGTGAAGGCCCGATTCACCATCTCCAGAGACAACGCCAAGAAGTCACTGATTCTGCAAATGAACAGCCTGAGAGTCGAGGACACGGCTGTATACTACTGTGCGAGACGTTTGGCTTTTCAATTTGCCCCCTGGGGCCAGGGAACATTGGTCACCGTCTCCTCAGCCT	T	T	T	F	IGH	IGHV3-7*01	IGHD3-16*01,IGHD3-16*02	IGHJ5*02	IGHG	.......................GGGA...GGCTTGGTCCGGCCGGGGGGGTCCCTGACACTCTCCTGTGTAGCCTCTGGATTCACCTTC............AGTCGTTACTGGATGACGTGGGTCCGCCAGGCTCCAGGGAAGGGGCTGGACTGGGTGGCCAACATAAGGCCAGAT......GGAAGTGAGACATATTATGTGGACTCTGTGAAG...GCCCGATTCACCATCTCCAGAGACAACGCCAAGAAGTCACTGATTCTGCAAATGAACAGCCTGAGAGTCGAGGACACGGCTGTATACTACTGTGCGAGACGTTTGGCTTTTCAATTTGCCCCCTGGGGCCAGGGAACATTGGTCACCGTCTCCTCAG	GAGGTGCAGCTGGTGGAGTCTGGGGGA...GGCTTGGTCCAGCCTGGGGGGTCCCTGAGACTCTCCTGTGCAGCCTCTGGATTCACCTTT............AGTAGCTATTGGATGAGCTGGGTCCGCCAGGCTCCAGGGAAGGGGCTGGAGTGGGTGGCCAACATAAAGCAAGAT......GGAAGTGAGAAATACTATGTGGACTCTGTGAAG...GGCCGATTCACCATCTCCAGAGACAACGCCAAGAACTCACTGTATCTGCAAATGAACAGCCTGAGAGCCGAGGACACGGCTGTGTATTACTGTGCGAGACGTTTGGNNNNNNNNNNNNNCCCCTGGGGCCAGGGAACCCTGGTCACCGTCTCCTCAG	TGTGCGAGACGTTTGGCTTTTCAATTTGCCCCCTGG	CARRLAFQFAPW	GGATTCACCTTC............AGTCGTTACTGG	ATAAGGCCAGAT......GGAAGTGAGACA	GCGAGACGTTTGGCTTTTCAATTTGCCCCC	.......................GGGA...GGCTTGGTCCGGCCGGGGGGGTCCCTGACACTCTCCTGTGTAGCCTCT	ATGACGTGGGTCCGCCAGGCTCCAGGGAAGGGGCTGGACTGGGTGGCCAAC	TATTATGTGGACTCTGTGAAG...GCCCGATTCACCATCTCCAGAGACAACGCCAAGAAGTCACTGATTCTGCAAATGAACAGCCTGAGAGTCGAGGACACGGCTGTATACTACTGT	TGGGGCCAGGGAACATTGGTCACCGTCTCCTCAG	355	0.9188200000000005	5.4e-100	23N14=1X3=1X13=1X11=1X18=1X3=1X1=1X2=1X7=2X32=1X16=1X2=1X14=1X3=1X19=1X33=1X6=2X23=1X15=1X2=1X12=	14.1	1	12	271S12N7=	62.2	0.9473699999999995	7.25e-14	291S13N18=2X18=	1	271	1	318	272	278	13	19	292	329	14	51	36	0	13	2	2	IGHG,20100505_IGHV_left_2	IGHG	20100505_IGHV_left_2	M5	human	IG	Brain_lesion	Baseline	Bcell	FALSE	female	63	uni_tue	376	SRR1383466	TRUE	1
1ATTGTCGTTAAAGTG,1ATTGTCGTTAAAGTG	GCTGAGGTGAAGAAGCCTGGGGCCTCAGTGAAGGTCTCCTGCAAGGCTTCTGGTTACACCTTTACCAGCTATGGTATCAGCTGGGTGCGACAGGCCCCTGGACAAGGGCTTGAGTGGATGGGATGGATCAGCGCTTACAATGGTAACACAAACTATGCACAGAAGCTCCAGGGCAGAGTCACCATGACCACAGACACATCCACGAGCACAGCCTACATGGAGCTGAGGAGCCTGAGATCTGACGACACGGCCGTGTATTACTGTGCGAGAGGCCTGCTAGGTAGTGAGAATGCTTTTGATATCTGGGGCCAAGGGACAATGGTCACCGTCTCTTCAGCCT	T	T	T	F	IGH	IGHV1-18*01	IGHD2-15*01,IGHD2-2*01,IGHD2-2*02	IGHJ3*02	IGHG	........................GCT...GAGGTGAAGAAGCCTGGGGCCTCAGTGAAGGTCTCCTGCAAGGCTTCTGGTTACACCTTT............ACCAGCTATGGTATCAGCTGGGTGCGACAGGCCCCTGGACAAGGGCTTGAGTGGATGGGATGGATCAGCGCTTAC......AATGGTAACACAAACTATGCACAGAAGCTCCAG...GGCAGAGTCACCATGACCACAGACACATCCACGAGCACAGCCTACATGGAGCTGAGGAGCCTGAGATCTGACGACACGGCCGTGTATTACTGTGCGAGAGGCCTGCTAGGTAGTGAGAATGCTTTTGATATCTGGGGCCAAGGGACAATGGTCACCGTCTCTTCAG	CAGGTTCAGCTGGTGCAGTCTGGAGCT...GAGGTGAAGAAGCCTGGGGCCTCAGTGAAGGTCTCCTGCAAGGCTTCTGGTTACACCTTT............ACCAGCTATGGTATCAGCTGGGTGCGACAGGCCCCTGGACAAGGGCTTGAGTGGATGGGATGGATCAGCGCTTAC......AATGGTAACACAAACTATGCACAGAAGCTCCAG...GGCAGAGTCACCATGACCACAGACACATCCACGAGCACAGCCTACATGGAGCTGAGGAGCCTGAGATCTGACGACACGGCCGTGTATTACTGTGCGAGAGNNNNNNNNNGTAGTGNNNATGCTTTTGATATCTGGGGCCAAGGGACAATGGTCACCGTCTCTTCAG	TGTGCGAGAGGCCTGCTAGGTAGTGAGAATGCTTTTGATATCTGG	CARGLLGSENAFDIW	GGTTACACCTTT............ACCAGCTATGGT	ATCAGCGCTTAC......AATGGTAACACA	GCGAGAGGCCTGCTAGGTAGTGAGAATGCTTTTGATATC	........................GCT...GAGGTGAAGAAGCCTGGGGCCTCAGTGAAGGTCTCCTGCAAGGCTTCT	ATCAGCTGGGTGCGACAGGCCCCTGGACAAGGGCTTGAGTGGATGGGATGG	AACTATGCACAGAAGCTCCAG...GGCAGAGTCACCATGACCACAGACACATCCACGAGCACAGCCTACATGGAGCTGAGGAGCCTGAGATCTGACGACACGGCCGTGTATTACTGT	TGGGGCCAAGGGACAATGGTCACCGTCTCTTCAG	424	1	1.28e-120	24N271=	12.2	1	48	280S8N6=	93	1	4.08e-23	289S2N48=	1	271	1	319	281	286	9	14	290	337	3	50	45	9	3	3	2	IGHG,20100505_IGHV_left_39	IGHG	20100505_IGHV_left_39	M5	human	IG	Brain_lesion	Baseline	Bcell	FALSE	female	63	uni_tue	385	SRR1383466	TRUE	
1GTCGAGTTGGTGGGC,1GTCGAGTTGGTGGGC	GGGAGGCGTGGTCCCGCCTGGGAGGCCCCTGATACTCTCCTGTGCAGCCTCAGGATTCACCTTCAGTAGTTTTGGCATGCACTGGGTCCGCCAGGCTCCAGGCAAGGGGCTGGAGTGGGTGGCAGGTATATCATATGATGGAAGTGATAAATATTATGCAGACTCCGTGAAGGGCCGCTTCACCATCTCCAGAGACAATTCCAAGAACACTCTGTATATGGAAATGAACAGCCTGAAAGTTGACGACACGGCTGTGTATTACTGTGCGAAAGATCGTTATTGGTTGACGTATGTCTTTGACTACTGGGGCCGGGGATCCCTGGTCACCGTCTCTTCACGGA	T	T	T	F	IGH	IGHV3-30*18,IGHV3-30-5*01	IGHD3-16*02,IGHD3-16*03	IGHJ4*02	IGHM	.......................GGGA...GGCGTGGTCCCGCCTGGGAGGCCCCTGATACTCTCCTGTGCAGCCTCAGGATTCACCTTC............AGTAGTTTTGGCATGCACTGGGTCCGCCAGGCTCCAGGCAAGGGGCTGGAGTGGGTGGCAGGTATATCATATGAT......GGAAGTGATAAATATTATGCAGACTCCGTGAAG...GGCCGCTTCACCATCTCCAGAGACAATTCCAAGAACACTCTGTATATGGAAATGAACAGCCTGAAAGTTGACGACACGGCTGTGTATTACTGTGCGAAAGATCGTTATTGGTTGACGTATGTCTTTGACTACTGGGGCCGGGGATCCCTGGTCACCGTCTCTTCA	CAGGTGCAGCTGGTGGAGTCTGGGGGA...GGCGTGGTCCAGCCTGGGAGGTCCCTGAGACTCTCCTGTGCAGCCTCTGGATTCACCTTC............AGTAGCTATGGCATGCACTGGGTCCGCCAGGCTCCAGGCAAGGGGCTGGAGTGGGTGGCAGTTATATCATATGAT......GGAAGTAATAAATACTATGCAGACTCCGTGAAG...GGCCGATTCACCATCTCCAGAGACAATTCCAAGAACACGCTGTATCTGCAAATGAACAGCCTGAGAGCTGAGGACACGGCTGTGTATTACTGTGCGAAAGATCGTTATNNNNNNNNNNNNNNCTTTGACTACTGGGGCCAGGGAACCCTGGTCACCGTCTCCTCA	TGTGCGAAAGATCGTTATTGGTTGACGTATGTCTTTGACTACTGG	CAKDRYWLTYVFDYW	GGATTCACCTTC............AGTAGTTTTGGC	ATATCATATGAT......GGAAGTGATAAA	GCGAAAGATCGTTATTGGTTGACGTATGTCTTTGACTAC	.......................GGGA...GGCGTGGTCCCGCCTGGGAGGCCCCTGATACTCTCCTGTGCAGCCTCA	ATGCACTGGGTCCGCCAGGCTCCAGGCAAGGGGCTGGAGTGGGTGGCAGGT	TATTATGCAGACTCCGTGAAG...GGCCGCTTCACCATCTCCAGAGACAATTCCAAGAACACTCTGTATATGGAAATGAACAGCCTGAAAGTTGACGACACGGCTGTGTATTACTGT	TGGGGCCGGGGATCCCTGGTCACCGTCTCTTCA	377	0.9413900000000004	1.51e-106	23N14=1X10=1X6=1X18=1X17=1X1=1X53=1X19=1X7=1X23=1X32=1X6=1X2=1X15=1X2=1X3=1X29=	14.1	1	13	273S27N7=	66.1	0.93023	5.1899999999999995e-15	294S4N17=1X4=1X16=1X3=	1	273	1	320	274	280	28	34	295	337	5	47	45	0	14	3	2	IGHM,20100505_IGHV_left_2	IGHM	20100505_IGHV_left_2	M5	human	IG	Brain_lesion	Baseline	Bcell	FALSE	female	63	uni_tue	384	SRR1383466	TRUE	
1GGTTCGGCGTCCGGT,1GGTTCGGCGTCCGGT	GGCCCAGGACTGGTGAAGCCTTCGGGGACCCTGTCCCTCACCTGCGCTGTGTCTGGTGGGTCCATCAGCAGTGGTTACTGGTGGAGTTGGGTCCGCCAGCCCCCAGGTAAGGGGCTAGAGTGGATTGGAGAAATCTATCATAGTGGGAGCACCAACTACAACCCGTCCCTCAAGAGTCGAGTCACCATCTCAGTAGACACGTCCAAGAACCACTTCTCCCTGAAAATGAACTCTGTGAACGCCGCGGACACGGCCGTCTATTACTGTGCGCGAAACGGTGGAAACTACGCTTTTGACTACTGGGGCCAGGGGACCCTGGTCGCCGTCTCCTCAGCCT	T	T	T	F	IGH	IGHV4-4*10	IGHD4-23*01	IGHJ4*02,IGHJ4*03	IGHG	.....................GGCCCA...GGACTGGTGAAGCCTTCGGGGACCCTGTCCCTCACCTGCGCTGTGTCTGGTGGGTCCATCAGC.........AGTGGTTACTGGTGGAGTTGGGTCCGCCAGCCCCCAGGTAAGGGGCTAGAGTGGATTGGAGAAATCTATCATAGT.........GGGAGCACCAACTACAACCCGTCCCTCAAG...AGTCGAGTCACCATCTCAGTAGACACGTCCAAGAACCACTTCTCCCTGAAAATGAACTCTGTGAACGCCGCGGACACGGCCGTCTATTACTGTGCGCGAAACGGTGGAAACTACGCTTTTGACTACTGGGGCCAGGGGACCCTGGTCGCCGTCTCCTCAG	CAGGTGCAGCTGCAGGAGTCGGGCCCA...GGACTGGTGAAGCCTTCGGGGACCCTGTCCCTCACCTGCGCTGTCTCTGGTGGCTCCATCAGC.........AGTGGTAACTGGTGGAGTTGGGTCCGCCAGCCCCCAGGGAAGGGGCTGGAGTGGATTGGGGAAATCTATCATAGT.........GGGAGCACCAACTACAACCCGTCCCTCAAG...AGTCGAGTCACCATATCAGTAGACAAGTCCAAGAACCAGTTCTCCCTGAAGCTGAGCTCTGTGACCGCCGCGGACACGGCCGTGTATTACTGTGCGAGANACGGTGGTAACTNNNNNTTTGACTACTGGGGCCAGGGAACCCTGGTCACCGTCTCCTCAG	TGTGCGCGAAACGGTGGAAACTACGCTTTTGACTACTGG	CARNGGNYAFDYW	GGTGGGTCCATCAGC.........AGTGGTTACTGG	ATCTATCATAGT.........GGGAGCACC	GCGCGAAACGGTGGAAACTACGCTTTTGACTAC	.....................GGCCCA...GGACTGGTGAAGCCTTCGGGGACCCTGTCCCTCACCTGCGCTGTGTCT	TGGAGTTGGGTCCGCCAGCCCCCAGGTAAGGGGCTAGAGTGGATTGGAGAA	AACTACAACCCGTCCCTCAAG...AGTCGAGTCACCATCTCAGTAGACACGTCCAAGAACCACTTCTCCCTGAAAATGAACTCTGTGAACGCCGCGGACACGGCCGTCTATTACTGT	TGGGGCCAGGGGACCCTGGTCGCCGTCTCCTCAG	380	0.9450500000000004	1.72e-107	21N50=1X8=1X15=1X31=1X8=1X11=1X59=1X10=1X12=1X11=2X3=1X8=1X18=1X12=1X2=	18	0.9166700000000004	0.8700000000000004	274S5N7=1X4=	71.8	0.9534900000000005	9.400000000000002e-17	291S5N20=1X9=1X12=	1	273	1	318	275	286	6	17	292	334	6	48	39	1	5	3	1	IGHG,20100505_IGHV_left_38	IGHG	20100505_IGHV_left_38	M5	human	IG	Brain_lesion	Baseline	Bcell	FALSE	female	63	uni_tue	379	SRR1383466	TRUE	
1ATCGTAGCTCTTTTT,1ATCGTAGCTCTTTTT	GGGAGGCTTGGTCCGGCCGGGGGGGTCCCTGACACTCTCCTGTGTAGCCTCTGGATTCACCTTCAGTCGTTACTGGATGACGTGGGTCCGCCAGGCTCCAGGGAAGGGGCTGGACTGGGTGGCCAACATAAGGCAAGATGGAAGTGAGACATACTATGTGGACTCTGTGAAGGCCCGATTCACCATCTCCAGAGACAACGCCAAGAACTCACTGTTTCTGCAAATGAACAGCCTGAGAGTCGAGGACACGGCTGTATATTACTGTGCGAGACGTTTGGCTTTCCAATTTGCCCCCTGGGGCCAGGGAACCCTGGTCACCGTCTCCTCAGCCT	T	T	T	F	IGH	IGHV3-7*01	IGHD3-16*01,IGHD3-16*02	IGHJ5*02	IGHG	.......................GGGA...GGCTTGGTCCGGCCGGGGGGGTCCCTGACACTCTCCTGTGTAGCCTCTGGATTCACCTTC............AGTCGTTACTGGATGACGTGGGTCCGCCAGGCTCCAGGGAAGGGGCTGGACTGGGTGGCCAACATAAGGCAAGAT......GGAAGTGAGACATACTATGTGGACTCTGTGAAG...GCCCGATTCACCATCTCCAGAGACAACGCCAAGAACTCACTGTTTCTGCAAATGAACAGCCTGAGAGTCGAGGACACGGCTGTATATTACTGTGCGAGACGTTTGGCTTTCCAATTTGCCCCCTGGGGCCAGGGAACCCTGGTCACCGTCTCCTCAG	GAGGTGCAGCTGGTGGAGTCTGGGGGA...GGCTTGGTCCAGCCTGGGGGGTCCCTGAGACTCTCCTGTGCAGCCTCTGGATTCACCTTT............AGTAGCTATTGGATGAGCTGGGTCCGCCAGGCTCCAGGGAAGGGGCTGGAGTGGGTGGCCAACATAAAGCAAGAT......GGAAGTGAGAAATACTATGTGGACTCTGTGAAG...GGCCGATTCACCATCTCCAGAGACAACGCCAAGAACTCACTGTATCTGCAAATGAACAGCCTGAGAGCCGAGGACACGGCTGTGTATTACTGTGCGAGACGTTTGGNNNNNNNNNNNNNCCCCTGGGGCCAGGGAACCCTGGTCACCGTCTCCTCAG	TGTGCGAGACGTTTGGCTTTCCAATTTGCCCCCTGG	CARRLAFQFAPW	GGATTCACCTTC............AGTCGTTACTGG	ATAAGGCAAGAT......GGAAGTGAGACA	GCGAGACGTTTGGCTTTCCAATTTGCCCCC	.......................GGGA...GGCTTGGTCCGGCCGGGGGGGTCCCTGACACTCTCCTGTGTAGCCTCT	ATGACGTGGGTCCGCCAGGCTCCAGGGAAGGGGCTGGACTGGGTGGCCAAC	TACTATGTGGACTCTGTGAAG...GCCCGATTCACCATCTCCAGAGACAACGCCAAGAACTCACTGTTTCTGCAAATGAACAGCCTGAGAGTCGAGGACACGGCTGTATATTACTGT	TGGGGCCAGGGAACCCTGGTCACCGTCTCCTCAG	371	0.93727	1.1e-104	23N14=1X3=1X13=1X11=1X18=1X3=1X1=1X2=1X7=2X32=1X16=1X17=1X23=1X41=1X23=1X15=1X15=	14.1	1	12	271S12N7=	73.7	1	2.4400000000000006e-17	291S13N38=	1	271	1	318	272	278	13	19	292	329	14	51	36	0	13	2	2	IGHG,20100505_IGHV_left_33	IGHG	20100505_IGHV_left_33	M5	human	IG	Brain_lesion	Baseline	Bcell	FALSE	female	63	uni_tue	376	SRR1383466	TRUE	1
1GCGTGGGGCCAGGTC,1GCGTGGGGCCAGGTC	GGGAGGCGTGGTCCAGCCTGGGAGGCCCCTGAGACTCTCCTGTGCAGCCTCTGGATTCACCTTCAGTATTTTTGGCATGCACTGGGTCCGCCAGGCTCCAGGCAAGGGGCTGGAGTGGGTGGCAGTTATATCATATGATGGAAATAAGAAATATTATGCAGACTCCGTGAAGGGCCGCTTCAGCATCTCCAGAGACAATTCCAAGAACACTCTGTATATGCAAATGAACAGCCTGAGAGCTGAGGACACGGCTGTGTATTACTGTGCGAAAGATCGTCAGTGGTTGACATATTTCTTTGAGTACTGGGGCCAGGGATCCCTGGTCACCGTCTCCTCAGCCT	T	T	T	F	IGH	IGHV3-30*18,IGHV3-30-5*01	IGHD3-22*01,IGHD3-3*01,IGHD3-3*02	IGHJ4*02	IGHG	.......................GGGA...GGCGTGGTCCAGCCTGGGAGGCCCCTGAGACTCTCCTGTGCAGCCTCTGGATTCACCTTC............AGTATTTTTGGCATGCACTGGGTCCGCCAGGCTCCAGGCAAGGGGCTGGAGTGGGTGGCAGTTATATCATATGAT......GGAAATAAGAAATATTATGCAGACTCCGTGAAG...GGCCGCTTCAGCATCTCCAGAGACAATTCCAAGAACACTCTGTATATGCAAATGAACAGCCTGAGAGCTGAGGACACGGCTGTGTATTACTGTGCGAAAGATCGTCAGTGGTTGACATATTTCTTTGAGTACTGGGGCCAGGGATCCCTGGTCACCGTCTCCTCAG	CAGGTGCAGCTGGTGGAGTCTGGGGGA...GGCGTGGTCCAGCCTGGGAGGTCCCTGAGACTCTCCTGTGCAGCCTCTGGATTCACCTTC............AGTAGCTATGGCATGCACTGGGTCCGCCAGGCTCCAGGCAAGGGGCTGGAGTGGGTGGCAGTTATATCATATGAT......GGAAGTAATAAATACTATGCAGACTCCGTGAAG...GGCCGATTCACCATCTCCAGAGACAATTCCAAGAACACGCTGTATCTGCAAATGAACAGCCTGAGAGCTGAGGACACGGCTGTGTATTACTGTGCGAAAGANNNNNAGTGGTTNNNNNNNNNCTTTGACTACTGGGGCCAGGGAACCCTGGTCACCGTCTCCTCAG	TGTGCGAAAGATCGTCAGTGGTTGACATATTTCTTTGAGTACTGG	CAKDRQWLTYFFEYW	GGATTCACCTTC............AGTATTTTTGGC	ATATCATATGAT......GGAAATAAGAAA	GCGAAAGATCGTCAGTGGTTGACATATTTCTTTGAGTAC	.......................GGGA...GGCGTGGTCCAGCCTGGGAGGCCCCTGAGACTCTCCTGTGCAGCCTCT	ATGCACTGGGTCCGCCAGGCTCCAGGCAAGGGGCTGGAGTGGGTGGCAGTT	TATTATGCAGACTCCGTGAAG...GGCCGCTTCAGCATCTCCAGAGACAATTCCAAGAACACTCTGTATATGCAAATGAACAGCCTGAGAGCTGAGGACACGGCTGTGTATTACTGT	TGGGGCCAGGGATCCCTGGTCACCGTCTCCTCAG	392	0.9597100000000005	3.0800000000000002e-111	23N25=1X42=2X1=1X71=1X3=1X5=1X23=1X4=1X27=1X6=1X55=	14.1	1	13	278S16N7=	73.7	0.95455	2.51e-17	294S4N6=1X15=1X21=	1	273	1	320	279	285	17	23	295	338	5	48	45	5	9	8	6	IGHG,20100505_IGHV_left_2	IGHG	20100505_IGHV_left_2	M5	human	IG	Brain_lesion	Baseline	Bcell	FALSE	female	63	uni_tue	385	SRR1383466	TRUE	2
1TAGGATCAGCATGCG,1TAGGATCAGCATGCG	GGGAGGCTTGGTACAGCCTGGGGGGTCCCTGAGACTCTCCTGTGCAGCCTCTGGATTCAGCTTCAGCACCTATGCCATGAGTTGGGTCCGCCAGACTCCAGGAAAGGGGCTGCAGTGGGTCTCAGTCATTAGCGGTCGTGGTGGTCCCACATACTACGCTGACTCCGTAAAGGGCCGGTTCACCATCTCCAGAGACAATTCCAAGAACACCCTTTATCTGCAAATGGACAGTCTGAGAGCCGATGACACGGCCGTATATTACTGTGCGAAGTGGCCGCATCATATAGCAGTGGCTGGTACGAGATACTTCCAACACTGGGGCCAGGGCACCCTGGTCACCGTCTCCTCAGCCT	T	T	T	F	IGH	IGHV3-23*01,IGHV3-23*04,IGHV3-23D*01	IGHD6-19*01	IGHJ1*01	IGHG	.......................GGGA...GGCTTGGTACAGCCTGGGGGGTCCCTGAGACTCTCCTGTGCAGCCTCTGGATTCAGCTTC............AGCACCTATGCCATGAGTTGGGTCCGCCAGACTCCAGGAAAGGGGCTGCAGTGGGTCTCAGTCATTAGCGGTCGT......GGTGGTCCCACATACTACGCTGACTCCGTAAAG...GGCCGGTTCACCATCTCCAGAGACAATTCCAAGAACACCCTTTATCTGCAAATGGACAGTCTGAGAGCCGATGACACGGCCGTATATTACTGTGCGAAGTGGCCGCATCATATAGCAGTGGCTGGTACGAGATACTTCCAACACTGGGGCCAGGGCACCCTGGTCACCGTCTCCTCAG	GAGGTGCAGCTGTTGGAGTCTGGGGGA...GGCTTGGTACAGCCTGGGGGGTCCCTGAGACTCTCCTGTGCAGCCTCTGGATTCACCTTT............AGCAGCTATGCCATGAGCTGGGTCCGCCAGGCTCCAGGGAAGGGGCTGGAGTGGGTCTCAGCTATTAGTGGTAGT......GGTGGTAGCACATACTACGCAGACTCCGTGAAG...GGCCGGTTCACCATCTCCAGAGACAATTCCAAGAACACGCTGTATCTGCAAATGAACAGCCTGAGAGCCGAGGACACGGCCGTATATTACTGTGCGAANNNNNNNNNNNNTATAGCAGTGGCTGGTACNNNATACTTCCAGCACTGGGGCCAGGGCACCCTGGTCACCGTCTCCTCAG	TGTGCGAAGTGGCCGCATCATATAGCAGTGGCTGGTACGAGATACTTCCAACACTGG	CAKWPHHIAVAGTRYFQHW	GGATTCAGCTTC............AGCACCTATGCC	ATTAGCGGTCGT......GGTGGTCCCACA	GCGAAGTGGCCGCATCATATAGCAGTGGCTGGTACGAGATACTTCCAACAC	.......................GGGA...GGCTTGGTACAGCCTGGGGGGTCCCTGAGACTCTCCTGTGCAGCCTCT	ATGAGTTGGGTCCGCCAGACTCCAGGAAAGGGGCTGCAGTGGGTCTCAGTC	TACTACGCTGACTCCGTAAAG...GGCCGGTTCACCATCTCCAGAGACAATTCCAAGAACACCCTTTATCTGCAAATGGACAGTCTGAGAGCCGATGACACGGCCGTATATTACTGT	TGGGGCCAGGGCACCCTGGTCACCGTCTCCTCAG	360	0.92593	2.2600000000000016e-101	23N59=1X3=1X4=1X12=1X12=1X7=1X9=1X12=2X5=1X3=1X8=2X12=1X8=1X41=1X2=1X12=1X4=1X11=1X26=	35.3	1	5.619999999999996e-6	282S3N18=	85.3	0.97872	8.76e-21	303S5N9=1X37=	1	270	1	317	283	300	4	21	304	350	6	52	57	12	3	5	2	IGHG,20100505_IGHV_left_2	IGHG	20100505_IGHV_left_2	M5	human	IG	Brain_lesion	Baseline	Bcell	FALSE	female	63	uni_tue	397	SRR1383466	TRUE	3
1GTATAGAAACTGAAT,1GTATAGAAACTGAAT	GGGAGGCTTGGTCCGGCCGGGGGAGTCCCTGACACTCTCCTGTGTAGCCTCTGGATTCACCTTCAGTCGTTACTGGATGACGTGGGTCCGCCAGGCTCCAGGGAAGGGGCTGGACTGGGTGGCCAACATAAGGCAAGATGGAGGTGAGACATACTATGTGGACTCTGTGAAGGCCCGATTCACCATCTCCAGAGACAACGCCAAGAACTCACTGTTTCTGCAAATGAACAGCCTGAGAGTCGAGGACACGGCTGTATATTACTGTGCGAGACATTTGGCTTTCGAATTTGCCCCCTGGGGCCAGGGAACCCTGGTCACCGTCTCCTCAGCCT	T	T	T	F	IGH	IGHV3-7*01	IGHD3-16*03	IGHJ5*02	IGHG	.......................GGGA...GGCTTGGTCCGGCCGGGGGAGTCCCTGACACTCTCCTGTGTAGCCTCTGGATTCACCTTC............AGTCGTTACTGGATGACGTGGGTCCGCCAGGCTCCAGGGAAGGGGCTGGACTGGGTGGCCAACATAAGGCAAGAT......GGAGGTGAGACATACTATGTGGACTCTGTGAAG...GCCCGATTCACCATCTCCAGAGACAACGCCAAGAACTCACTGTTTCTGCAAATGAACAGCCTGAGAGTCGAGGACACGGCTGTATATTACTGTGCGAGACATTTGGCTTTCGAATTTGCCCCCTGGGGCCAGGGAACCCTGGTCACCGTCTCCTCAG	GAGGTGCAGCTGGTGGAGTCTGGGGGA...GGCTTGGTCCAGCCTGGGGGGTCCCTGAGACTCTCCTGTGCAGCCTCTGGATTCACCTTT............AGTAGCTATTGGATGAGCTGGGTCCGCCAGGCTCCAGGGAAGGGGCTGGAGTGGGTGGCCAACATAAAGCAAGAT......GGAAGTGAGAAATACTATGTGGACTCTGTGAAG...GGCCGATTCACCATCTCCAGAGACAACGCCAAGAACTCACTGTATCTGCAAATGAACAGCCTGAGAGCCGAGGACACGGCTGTGTATTACTGTGCGAGACATTTGGNNNNNNNNNNNNNCCCCTGGGGCCAGGGAACCCTGGTCACCGTCTCCTCAG	TGTGCGAGACATTTGGCTTTCGAATTTGCCCCCTGG	CARHLAFEFAPW	GGATTCACCTTC............AGTCGTTACTGG	ATAAGGCAAGAT......GGAGGTGAGACA	GCGAGACATTTGGCTTTCGAATTTGCCCCC	.......................GGGA...GGCTTGGTCCGGCCGGGGGAGTCCCTGACACTCTCCTGTGTAGCCTCT	ATGACGTGGGTCCGCCAGGCTCCAGGGAAGGGGCTGGACTGGGTGGCCAAC	TACTATGTGGACTCTGTGAAG...GCCCGATTCACCATCTCCAGAGACAACGCCAAGAACTCACTGTTTCTGCAAATGAACAGCCTGAGAGTCGAGGACACGGCTGTATATTACTGT	TGGGGCCAGGGAACCCTGGTCACCGTCTCCTCAG	364	0.9298900000000004	8.290000000000001e-103	23N14=1X3=1X4=1X8=1X11=1X18=1X3=1X1=1X2=1X7=2X32=1X16=1X10=1X6=1X23=1X41=1X23=1X15=1X15=	14.1	1	12	271S12N7=	73.7	1	2.4400000000000006e-17	291S13N38=	1	271	1	318	272	278	13	19	292	329	14	51	36	0	13	2	1	IGHG,20100505_IGHV_left_33	IGHG	20100505_IGHV_left_33	M5	human	IG	Brain_lesion	Baseline	Bcell	FALSE	female	63	uni_tue	376	SRR1383466	TRUE	1
1TTCTAGCTTGGCTCG,1TTCTAGCTTGGCTCG	GGGAGGCGTGGTCCAGCCTGGGAGGCCCCTGAGACTCTCCTGTGCAGCCTCTGGATTCACCTTCAGTAGTTTTGGCATGCACTGGGTCCGCCAGGCTCCAGGCAAGGGGCTGGAGTGGGTGGCAGTTATATCATATGATGGAAGTAACAAATATTATGCAGACTCCGTGAAGGGCCGCTTCACCATCTCCAGAGACAATTCCAAGAACACTCTGTATATGCAAATGAACAGCCTGAGAGCTGAGGACACGGCTGTGTATTACTGTGCGAAAGATCGTCAGTGGTTGACGTACTTCTTTGACTACTGGGGCCAGGGATCCCTGGTCACCGTCTCCTCAGGGA	T	T	T	F	IGH	IGHV3-30*18,IGHV3-30-5*01	IGHD3-22*01,IGHD3-3*01,IGHD3-3*02	IGHJ4*02	IGHM	.......................GGGA...GGCGTGGTCCAGCCTGGGAGGCCCCTGAGACTCTCCTGTGCAGCCTCTGGATTCACCTTC............AGTAGTTTTGGCATGCACTGGGTCCGCCAGGCTCCAGGCAAGGGGCTGGAGTGGGTGGCAGTTATATCATATGAT......GGAAGTAACAAATATTATGCAGACTCCGTGAAG...GGCCGCTTCACCATCTCCAGAGACAATTCCAAGAACACTCTGTATATGCAAATGAACAGCCTGAGAGCTGAGGACACGGCTGTGTATTACTGTGCGAAAGATCGTCAGTGGTTGACGTACTTCTTTGACTACTGGGGCCAGGGATCCCTGGTCACCGTCTCCTCAG	CAGGTGCAGCTGGTGGAGTCTGGGGGA...GGCGTGGTCCAGCCTGGGAGGTCCCTGAGACTCTCCTGTGCAGCCTCTGGATTCACCTTC............AGTAGCTATGGCATGCACTGGGTCCGCCAGGCTCCAGGCAAGGGGCTGGAGTGGGTGGCAGTTATATCATATGAT......GGAAGTAATAAATACTATGCAGACTCCGTGAAG...GGCCGATTCACCATCTCCAGAGACAATTCCAAGAACACGCTGTATCTGCAAATGAACAGCCTGAGAGCTGAGGACACGGCTGTGTATTACTGTGCGAAAGANNNNNAGTGGTTNNNNNACTACTTTGACTACTGGGGCCAGGGAACCCTGGTCACCGTCTCCTCAG	TGTGCGAAAGATCGTCAGTGGTTGACGTACTTCTTTGACTACTGG	CAKDRQWLTYFFDYW	GGATTCACCTTC............AGTAGTTTTGGC	ATATCATATGAT......GGAAGTAACAAA	GCGAAAGATCGTCAGTGGTTGACGTACTTCTTTGACTAC	.......................GGGA...GGCGTGGTCCAGCCTGGGAGGCCCCTGAGACTCTCCTGTGCAGCCTCT	ATGCACTGGGTCCGCCAGGCTCCAGGCAAGGGGCTGGAGTGGGTGGCAGTT	TATTATGCAGACTCCGTGAAG...GGCCGCTTCACCATCTCCAGAGACAATTCCAAGAACACTCTGTATATGCAAATGAACAGCCTGAGAGCTGAGGACACGGCTGTGTATTACTGT	TGGGGCCAGGGATCCCTGGTCACCGTCTCCTCAG	402	0.9706999999999999	4.72e-114	23N25=1X43=1X1=1X75=1X5=1X23=1X32=1X6=1X55=	14.1	1	13	278S16N7=	81.4	0.95833	1.22e-19	290S3=1X22=1X21=	1	273	1	320	279	285	17	23	291	338	1	48	45	5	5	2	2	IGHM,20100505_IGHV_left_2	IGHM	20100505_IGHV_left_2	M5	human	IG	Brain_lesion	Baseline	Bcell	FALSE	female	63	uni_tue	385	SRR1383466	TRUE	
1ATCGTAGTTGCCCGT,1ATCGTAGTTGCCCGT	GGGAGGCCTGGTCACGCCTGGGGGGTCCCTGAGACTCTCCTGTGCAGCCTCTGGATTCACCTTCAGTGATTATAGCATGAGCTGGGTCCGCCAGGCCCCAGGGAAGGGGCTGGAGTGGGTCGCATCCATGAGTAAGAGTAGTATTTTCATATTTTACGCGGACTCAGTGAAGGGCCGATTCACCATCTCCAGAGACAACGCCAAGAACTCCCTGTATCTGCAAATGAACAGCCTGAGAGACGAGGACACGGCTGTATATTACTGTGCGAGAGACACCACGACTACGGTGACTAAATCGTACGGTCACTGGGGCCAGGGAACCCAGGTCACCGTCTCCTCAGCTT	T	T	T	F	IGH	IGHV3-21*01,IGHV3-21*02	IGHD4-17*01	IGHJ4*02	IGHG	.......................GGGA...GGCCTGGTCACGCCTGGGGGGTCCCTGAGACTCTCCTGTGCAGCCTCTGGATTCACCTTC............AGTGATTATAGCATGAGCTGGGTCCGCCAGGCCCCAGGGAAGGGGCTGGAGTGGGTCGCATCCATGAGTAAGAGT......AGTATTTTCATATTTTACGCGGACTCAGTGAAG...GGCCGATTCACCATCTCCAGAGACAACGCCAAGAACTCCCTGTATCTGCAAATGAACAGCCTGAGAGACGAGGACACGGCTGTATATTACTGTGCGAGAGACACCACGACTACGGTGACTAAATCGTACGGTCACTGGGGCCAGGGAACCCAGGTCACCGTCTCCTCAG	GAGGTGCAGCTGGTGGAGTCTGGGGGA...GGCCTGGTCAAGCCTGGGGGGTCCCTGAGACTCTCCTGTGCAGCCTCTGGATTCACCTTC............AGTAGCTATAGCATGAACTGGGTCCGCCAGGCTCCAGGGAAGGGGCTGGAGTGGGTCTCATCCATTAGTAGTAGT......AGTAGTTACATATACTACGCAGACTCAGTGAAG...GGCCGATTCACCATCTCCAGAGACAACGCCAAGAACTCACTGTATCTGCAAATGAACAGCCTGAGAGCCGAGGACACGGCTGTGTATTACTGTGCGAGAGANNNNNNGACTACGGTGACTANNNNNNNNNNNNACTGGGGCCAGGGAACCCTGGTCACCGTCTCCTCAG	TGTGCGAGAGACACCACGACTACGGTGACTAAATCGTACGGTCACTGG	CARDTTTTVTKSYGHW	GGATTCACCTTC............AGTGATTATAGC	ATGAGTAAGAGT......AGTATTTTCATA	GCGAGAGACACCACGACTACGGTGACTAAATCGTACGGTCAC	.......................GGGA...GGCCTGGTCACGCCTGGGGGGTCCCTGAGACTCTCCTGTGCAGCCTCT	ATGAGCTGGGTCCGCCAGGCCCCAGGGAAGGGGCTGGAGTGGGTCGCATCC	TTTTACGCGGACTCAGTGAAG...GGCCGATTCACCATCTCCAGAGACAACGCCAAGAACTCCCTGTATCTGCAAATGAACAGCCTGAGAGACGAGGACACGGCTGTATATTACTGT	TGGGGCCAGGGAACCCAGGTCACCGTCTCCTCAG	371	0.9340700000000004	1.1500000000000001e-104	23N14=1X52=3X10=1X15=1X24=1X7=1X4=2X7=1X2=1X5=2X5=1X50=1X28=1X15=1X17=	27.6	1	0.001	279S1N14=	64.1	0.97222	1.979999999999999e-14	305S12N18=1X17=	1	273	1	320	280	293	2	15	306	341	13	48	48	6	12	2	1	IGHG,20100505_IGHV_left_32	IGHG	20100505_IGHV_left_32	M5	human	IG	Brain_lesion	Baseline	Bcell	FALSE	female	63	uni_tue	388	SRR1383466	TRUE	
1ATCAAGATGTTAACA,1ATCAAGATGTTAACA	GGGAGGCTCGGTACAGCCTGGCAGGTCCCTGAGACTCTCCTGTGCAGCCTCTGGATTCACGTTTGATGACTGTGCCATGCACTGGGTCCGGCAAGCTCCAGGGAAGGGCCTGGAGTGGGTCTCAGGTATCAGTTGGAATAGTAATAACATAGGCTATGCGGACTCTGTAAGGGGCCGATTCACCATCTCCAGAGACAACGCCAAGAACTCCCTGTATCTGCAAATGAACGGTCTGAGACCTGAGGACACGGCCTTGTATTACTGTGCAAAAGATATATCGGAGAGGCACTACTACTTTGACTCCTGGGGCGAGGGAACCCTGGTCACCGTCTCCTCACCCT	T	T	T	F	IGH	IGHV3-9*01	IGHD3-16*02,IGHD3-16*03	IGHJ4*02	IGHG	.......................GGGA...GGCTCGGTACAGCCTGGCAGGTCCCTGAGACTCTCCTGTGCAGCCTCTGGATTCACGTTT............GATGACTGTGCCATGCACTGGGTCCGGCAAGCTCCAGGGAAGGGCCTGGAGTGGGTCTCAGGTATCAGTTGGAAT......AGTAATAACATAGGCTATGCGGACTCTGTAAGG...GGCCGATTCACCATCTCCAGAGACAACGCCAAGAACTCCCTGTATCTGCAAATGAACGGTCTGAGACCTGAGGACACGGCCTTGTATTACTGTGCAAAAGATATATCGGAGAGGCACTACTACTTTGACTCCTGGGGCGAGGGAACCCTGGTCACCGTCTCCTCA	GAAGTGCAGCTGGTGGAGTCTGGGGGA...GGCTTGGTACAGCCTGGCAGGTCCCTGAGACTCTCCTGTGCAGCCTCTGGATTCACCTTT............GATGATTATGCCATGCACTGGGTCCGGCAAGCTCCAGGGAAGGGCCTGGAGTGGGTCTCAGGTATTAGTTGGAAT......AGTGGTAGCATAGGCTATGCGGACTCTGTGAAG...GGCCGATTCACCATCTCCAGAGACAACGCCAAGAACTCCCTGTATCTGCAAATGAACAGTCTGAGAGCTGAGGACACGGCCTTGTATTACTGTGCAAAAGATATATCGNNNNNNNNNNACTACTTTGACTACTGGGGCCAGGGAACCCTGGTCACCGTCTCCTCA	TGTGCAAAAGATATATCGGAGAGGCACTACTACTTTGACTCCTGG	CAKDISERHYYFDSW	GGATTCACGTTT............GATGACTGTGCC	ATCAGTTGGAAT......AGTAATAACATA	GCAAAAGATATATCGGAGAGGCACTACTACTTTGACTCC	.......................GGGA...GGCTCGGTACAGCCTGGCAGGTCCCTGAGACTCTCCTGTGCAGCCTCT	ATGCACTGGGTCCGGCAAGCTCCAGGGAAGGGCCTGGAGTGGGTCTCAGGT	GGCTATGCGGACTCTGTAAGG...GGCCGATTCACCATCTCCAGAGACAACGCCAAGAACTCCCTGTATCTGCAAATGAACGGTCTGAGACCTGAGGACACGGCCTTGTATTACTGT	TGGGGCGAGGGAACCCTGGTCACCGTCTCCTCA	392	0.95636	3.0800000000000002e-111	23N8=1X51=1X8=1X1=1X57=1X12=2X2=1X21=1X1=1X58=1X8=1X36=	10.3	1	181	275S25N5=	79.5	0.95745	4.609999999999998e-19	290S12=1X7=1X26=	1	275	1	322	276	280	26	30	291	337	1	47	45	0	10	3	1	IGHG,20100505_IGHV_left_2	IGHG	20100505_IGHV_left_2	M5	human	IG	Brain_lesion	Baseline	Bcell	FALSE	female	63	uni_tue	384	SRR1383466	TRUE	
1TTTGTGAAAACTCAT,1TTTGTGAAAACTCAT	GGAGGCGTGGTCCAGCCTGGGAGGTCCCGGAGACTCTCCTGTGCAGCCTCTGGATTCACCTTCAGTAGCTATGACTTGCACTGGGTCCGCCAGGGTCCAGGCAAGGGGCTGGAGTGGGTGGCGTCTATATCATATGATGGAAGCAATAAATACTATGCAGACTCCGTGAAGGGCCGATTCACCATCTCCAGAGACAATTCCAAGAACACGCTGTTTCTGCAAATGAACAGCCTGAGAACTGAGGACACGGCTGTGTATTACTGTGCGAAAAACCCCGGTGGTTTTACGATCGACTGGGGCCAGGGAACCCTGGTCACCGTCTCCTCAGCCT	T	T	T	F	IGH	IGHV3-30*18,IGHV3-30-5*01	IGHD3-3*01,IGHD3-9*01,IGHD4-23*01	IGHJ4*02	IGHG	........................GGA...GGCGTGGTCCAGCCTGGGAGGTCCCGGAGACTCTCCTGTGCAGCCTCTGGATTCACCTTC............AGTAGCTATGACTTGCACTGGGTCCGCCAGGGTCCAGGCAAGGGGCTGGAGTGGGTGGCGTCTATATCATATGAT......GGAAGCAATAAATACTATGCAGACTCCGTGAAG...GGCCGATTCACCATCTCCAGAGACAATTCCAAGAACACGCTGTTTCTGCAAATGAACAGCCTGAGAACTGAGGACACGGCTGTGTATTACTGTGCGAAAAACCCCGGTGGTTTTACGATCGACTGGGGCCAGGGAACCCTGGTCACCGTCTCCTCAG	CAGGTGCAGCTGGTGGAGTCTGGGGGA...GGCGTGGTCCAGCCTGGGAGGTCCCTGAGACTCTCCTGTGCAGCCTCTGGATTCACCTTC............AGTAGCTATGGCATGCACTGGGTCCGCCAGGCTCCAGGCAAGGGGCTGGAGTGGGTGGCAGTTATATCATATGAT......GGAAGTAATAAATACTATGCAGACTCCGTGAAG...GGCCGATTCACCATCTCCAGAGACAATTCCAAGAACACGCTGTATCTGCAAATGAACAGCCTGAGAGCTGAGGACACGGCTGTGTATTACTGTGCGAAANNNNNNNNNNNNNTTACGATNNACTGGGGCCAGGGAACCCTGGTCACCGTCTCCTCAG	TGTGCGAAAAACCCCGGTGGTTTTACGATCGACTGG	CAKNPGGFTIDW	GGATTCACCTTC............AGTAGCTATGAC	ATATCATATGAT......GGAAGCAATAAA	GCGAAAAACCCCGGTGGTTTTACGATCGAC	........................GGA...GGCGTGGTCCAGCCTGGGAGGTCCCGGAGACTCTCCTGTGCAGCCTCT	TTGCACTGGGTCCGCCAGGGTCCAGGCAAGGGGCTGGAGTGGGTGGCGTCT	TACTATGCAGACTCCGTGAAG...GGCCGATTCACCATCTCCAGAGACAATTCCAAGAACACGCTGTTTCTGCAAATGAACAGCCTGAGAACTGAGGACACGGCTGTGTATTACTGT	TGGGGCCAGGGAACCCTGGTCACCGTCTCCTCAG	391	0.9629599999999996	8.78e-111	24N28=1X44=1X1=1X18=1X27=3X18=1X70=1X22=1X32=	14.1	1	12	283S3N7=	69.9	1	3.4999999999999997e-16	292S12N36=	1	270	1	318	284	290	4	10	293	328	13	48	36	13	2	3	1	IGHG,20100505_IGHV_left_13	IGHG	20100505_IGHV_left_13	M5	human	IG	Brain_lesion	Baseline	Bcell	FALSE	female	63	uni_tue	376	SRR1383466	TRUE	
1GGGTCGTAGGACGTG,1GGGTCGTAGGACGTG	GGCTGAGGTGAAGAAGCCTGGGGCCTCAGTGAAGGTCTCCTGCAAGACTTCTGGATATATCTTCACCGGCTACTATATACATTGGGTGCGACAGGCCCCTGGACAAGGGCTTGAGTGGATGGCATGGATCAACCCTAACACTGGTGGCACAAAGTATGCACAGAAGTTTCAGGGCAGAGTCACCATGAGCAGGGACACGTCCATCAGCACAGCCTACGTGGAGCTGAGCAGCCTGACATCTGACGACACGGCCGTATATTACTGTGCGAGAGACCAAAGAGGTATTACGATTTTTGGAGTGGTCACTGACTACTACTACCTAGGTATGGACGTCTGGGGCCAAGGGACCACGGTCACCGTCTCCTCAGCCT	T	T	T	F	IGH	IGHV1-2*02	IGHD3-3*01	IGHJ6*02	IGHG	.......................GGCT...GAGGTGAAGAAGCCTGGGGCCTCAGTGAAGGTCTCCTGCAAGACTTCTGGATATATCTTC............ACCGGCTACTATATACATTGGGTGCGACAGGCCCCTGGACAAGGGCTTGAGTGGATGGCATGGATCAACCCTAAC......ACTGGTGGCACAAAGTATGCACAGAAGTTTCAG...GGCAGAGTCACCATGAGCAGGGACACGTCCATCAGCACAGCCTACGTGGAGCTGAGCAGCCTGACATCTGACGACACGGCCGTATATTACTGTGCGAGAGACCAAAGAGGTATTACGATTTTTGGAGTGGTCACTGACTACTACTACCTAGGTATGGACGTCTGGGGCCAAGGGACCACGGTCACCGTCTCCTCAG	CAGGTGCAGCTGGTGCAGTCTGGGGCT...GAGGTGAAGAAGCCTGGGGCCTCAGTGAAGGTCTCCTGCAAGGCTTCTGGATACACCTTC............ACCGGCTACTATATGCACTGGGTGCGACAGGCCCCTGGACAAGGGCTTGAGTGGATGGGATGGATCAACCCTAAC......AGTGGTGGCACAAACTATGCACAGAAGTTTCAG...GGCAGGGTCACCATGACCAGGGACACGTCCATCAGCACAGCCTACATGGAGCTGAGCAGGCTGAGATCTGACGACACGGCCGTGTATTACTGTGCGAGAGANNNNNNNNGTATTACGATTTTTGGAGTGGTNNNNNACTACTACTACTACGGTATGGACGTCTGGGGCCAAGGGACCACGGTCACCGTCTCCTCAG	TGTGCGAGAGACCAAAGAGGTATTACGATTTTTGGAGTGGTCACTGACTACTACTACCTAGGTATGGACGTCTGG	CARDQRGITIFGVVTDYYYLGMDVW	GGATATATCTTC............ACCGGCTACTAT	ATCAACCCTAAC......ACTGGTGGCACA	GCGAGAGACCAAAGAGGTATTACGATTTTTGGAGTGGTCACTGACTACTACTACCTAGGTATGGACGTC	.......................GGCT...GAGGTGAAGAAGCCTGGGGCCTCAGTGAAGGTCTCCTGCAAGACTTCT	ATACATTGGGTGCGACAGGCCCCTGGACAAGGGCTTGAGTGGATGGCATGG	AAGTATGCACAGAAGTTTCAG...GGCAGAGTCACCATGAGCAGGGACACGTCCATCAGCACAGCCTACGTGGAGCTGAGCAGCCTGACATCTGACGACACGGCCGTATATTACTGT	TGGGGCCAAGGGACCACGGTCACCGTCTCCTCAG	383	0.9487200000000005	2.2e-108	23N46=1X10=1X1=1X18=1X2=1X40=1X17=1X12=1X23=1X10=1X28=1X13=1X4=1X18=1X17=	43	1	2.8599999999999985e-8	281S22=	98.7	0.9500000000000004	8.19e-25	308S3N11=3X46=	1	273	1	320	282	303	1	22	309	368	4	63	75	8	5	2	1	IGHG,20100505_IGHV_left_2	IGHG	20100505_IGHV_left_2	M5	human	IG	Brain_lesion	Baseline	Bcell	FALSE	female	63	uni_tue	415	SRR1383466	TRUE	2
1GATTTAGTTGAGAAG,1GATTTAGTTGAGAAG	GGTCTGAGTTGAAGAAGCCTGGGGCCTCAGTGAAGATTTCCTGCAGGACCTCTGGATACGAGTTCAGTATGCTTTCTATCGATTGGGTGCGTCAGGCCCCTGGACAAGGCCTTGAGTGGATGGGACGGATCAACACAAATACTCGGACCCCAACTTATGCCCAGGACTCCGCACGACGGATTGTCCTCTCCCTGGACTATTCTGTCAGCACGGCATATATGTCCATTTCCAGGCTTGAGGCTGAAGACACTGCCGTATATTTCTGTGCGAGGAGGTATCATTATCGCTATGCTACTTATCACGACTCCTGGGGCCAGGGGACCCTGGTCGCCGTCTCCTCAGCTT	T	T	T	F	IGH	IGHV7-4-1*01	IGHD3-16*02,IGHD3-16*03	IGHJ5*01,IGHJ5*02,IGHJ5*03	IGHG	......................GGTCT...GAGTTGAAGAAGCCTGGGGCCTCAGTGAAGATTTCCTGCAGGACCTCTGGATACGAGTTC............AGTATGCTTTCTATCGATTGGGTGCGTCAGGCCCCTGGACAAGGCCTTGAGTGGATGGGACGGATCAACACAAAT......ACTCGGACCCCAACTTATGCCCAGGACTCCGCA...CGACGGATTGTCCTCTCCCTGGACTATTCTGTCAGCACGGCATATATGTCCATTTCCAGGCTTGAGGCTGAAGACACTGCCGTATATTTCTGTGCGAGGAGGTATCATTATCGCTATGCTACTTATCACGACTCCTGGGGCCAGGGGACCCTGGTCGCCGTCTCCTCAG	CAGGTGCAGCTGGTGCAATCTGGGTCT...GAGTTGAAGAAGCCTGGGGCCTCAGTGAAGGTTTCCTGCAAGGCTTCTGGATACACCTTC............ACTAGCTATGCTATGAATTGGGTGCGACAGGCCCCTGGACAAGGGCTTGAGTGGATGGGATGGATCAACACCAAC......ACTGGGAACCCAACGTATGCCCAGGGCTTCACA...GGACGGTTTGTCTTCTCCTTGGACACCTCTGTCAGCACGGCATATCTGCAGATCTGCAGCCTAAAGGCTGAGGACACTGCCGTGTATTACTGTGCGAGNNNNNNNNNTTATCGTTATNNNNNNNNNNNCGACTCCTGGGGCCAAGGAACCCTGGTCACCGTCTCCTCAG	TGTGCGAGGAGGTATCATTATCGCTATGCTACTTATCACGACTCCTGG	CARRYHYRYATYHDSW	GGATACGAGTTC............AGTATGCTTTCT	ATCAACACAAAT......ACTCGGACCCCA	GCGAGGAGGTATCATTATCGCTATGCTACTTATCACGACTCC	......................GGTCT...GAGTTGAAGAAGCCTGGGGCCTCAGTGAAGATTTCCTGCAGGACCTCT	ATCGATTGGGTGCGTCAGGCCCCTGGACAAGGCCTTGAGTGGATGGGACGG	ACTTATGCCCAGGACTCCGCA...CGACGGATTGTCCTCTCCCTGGACTATTCTGTCAGCACGGCATATATGTCCATTTCCAGGCTTGAGGCTGAAGACACTGCCGTATATTTCTGT	TGGGGCCAGGGGACCCTGGTCGCCGTCTCCTCAG	283	0.8339500000000004	2.1200000000000002e-78	22N35=1X9=1X1=1X1=1X9=3X4=1X2=4X1=1X4=2X10=1X17=1X15=1X10=1X2=1X3=1X3=1X6=1X10=1X2=1X1=1X2=1X5=1X5=1X5=1X5=3X18=1X2=3X2=1X1=1X3=1X2=2X7=1X11=1X4=1X9=	14.1	0.9	13	280S24N6=1X3=	62.2	0.92683	7.55e-14	301S10N15=1X2=1X9=1X12=	1	271	1	317	281	290	25	34	302	342	11	51	48	9	11	2	2	IGHG,20100505_IGHV_left_14	IGHG	20100505_IGHV_left_14	M5	human	IG	Brain_lesion	Baseline	Bcell	FALSE	female	63	uni_tue	388	SRR1383466	TRUE	
1GAAGAGTGCGCCTGG,1GAAGAGTGCGCCTGG	GGGGAGGCGTGGTCCAGCCTGGGAGGCCCCTGAGACTCTCCTGTGCAGCCTCTGGATTCTCCTTCAGTAGTTTTGGCATGCACTGGGTCCGCCAGGCTCCAGGCAAGGGGCTGGAGTGGGTGGCGCTTATATCATATGATGGAAGTAAAGATTATGCAGACTCCGTGAAGGGCCGCTTCGCCATCTCCAGAGACAATTCCAAGAACACGCTGTATCTGCAAATGAACAGCCTGAGAGCTGAGGACACGGCTGTGTATTACTGTGCGAAAGATCGTCAGTACTTGACGTTCTTCTTTGACTTCTGGGGCCAGGGATCCCTGGTCACCGTCTCCTCAGCAT	T	T	T	F	IGH	IGHV3-30*18,IGHV3-30-5*01	IGHD2/OR15-2a*01,IGHD2/OR15-2b*01	IGHJ4*02	IGHA	......................GGGGA...GGCGTGGTCCAGCCTGGGAGGCCCCTGAGACTCTCCTGTGCAGCCTCTGGATTCTCCTTC............AGTAGTTTTGGCATGCACTGGGTCCGCCAGGCTCCAGGCAAGGGGCTGGAGTGGGTGGCGCTTATATCATATGAT......GGAAG---TAAAGATTATGCAGACTCCGTGAAG...GGCCGCTTCGCCATCTCCAGAGACAATTCCAAGAACACGCTGTATCTGCAAATGAACAGCCTGAGAGCTGAGGACACGGCTGTGTATTACTGTGCGAAAGATCGTCAGTACTTGACGTTCTTCTTTGACTTCTGGGGCCAGGGATCCCTGGTCACCGTCTCCTCAG	CAGGTGCAGCTGGTGGAGTCTGGGGGA...GGCGTGGTCCAGCCTGGGAGGTCCCTGAGACTCTCCTGTGCAGCCTCTGGATTCACCTTC............AGTAGCTATGGCATGCACTGGGTCCGCCAGGCTCCAGGCAAGGGGCTGGAGTGGGTGGCAGTTATATCATATGAT......GGAAGTAATAAATACTATGCAGACTCCGTGAAG...GGCCGATTCACCATCTCCAGAGACAATTCCAAGAACACGCTGTATCTGCAAATGAACAGCCTGAGAGCTGAGGACACGGCTGTGTATTACTGTGCGAAAGANNNNNAGTACTNNNNNNNNNNCTTTGACTACTGGGGCCAGGGAACCCTGGTCACCGTCTCCTCAG	TGTGCGAAAGATCGTCAGTACTTGACGTTCTTCTTTGACTTCTGG	CAKDRQYLTFFFDFW	GGATTCTCCTTC............AGTAGTTTTGGC	ATATCATATGAT......GGAAG---TAAA	GCGAAAGATCGTCAGTACTTGACGTTCTTCTTTGACTTC	......................GGGGA...GGCGTGGTCCAGCCTGGGAGGCCCCTGAGACTCTCCTGTGCAGCCTCT	ATGCACTGGGTCCGCCAGGCTCCAGGCAAGGGGCTGGAGTGGGTGGCGCTT	GATTATGCAGACTCCGTGAAG...GGCCGCTTCGCCATCTCCAGAGACAATTCCAAGAACACGCTGTATCTGCAAATGAACAGCCTGAGAGCTGAGGACACGGCTGTGTATTACTGT	TGGGGCCAGGGATCCCTGGTCACCGTCTCCTCAG	382	0.95255	5.87e-108	22N26=1X32=1X10=1X1=1X51=2X19=3I4=1X1=1X23=1X3=1X91=	12.2	1	48	276S13N6=	73.7	0.95455	2.5000000000000006e-17	292S4N8=1X13=1X21=	1	271	1	320	277	282	14	19	293	336	5	48	45	5	10	3	3	IGHA,20100505_IGHV_left_14	IGHA	20100505_IGHV_left_14	M5	human	IG	Brain_lesion	Baseline	Bcell	FALSE	female	63	uni_tue	385	SRR1383466	TRUE	5
1TTCTGTGAGCGGGAG,1TTCTGTGAGCGGGAG	GGCCCAGGACTGGTGAAGCCTTNGGAGACCCTGTCCCTCACCTGCACTGTCTCTGGTGACTCCATGAGTAGTTACTATTGGAGCTGGATCCGGCAGCCCCCAGGGAAGGGACTGGAGTGGATTGGGTCTATCTATTACACTGGGAGCACCGACTACAACCCCTCCCTCAAGAGTCGAGTCACCATCTCAGTCGACACGTCCAAGAACCAGTTCTCCCTGAGGCTGACCTCTGTGACCGCTGCGGACACGGCCGTGTATTACTGTGCGAGATTGTCTAGTGGCTGGTATGCCTACTGGGGCCAGGGAACGTTGGTCACCGTCTCCTCAGCCT	T	T	T	F	IGH	IGHV4-59*01	IGHD6-19*01	IGHJ4*02	IGHG	.....................GGCCCA...GGACTGGTGAAGCCTTNGGAGACCCTGTCCCTCACCTGCACTGTCTCTGGTGACTCCATG............AGTAGTTACTATTGGAGCTGGATCCGGCAGCCCCCAGGGAAGGGACTGGAGTGGATTGGGTCTATCTATTACACT.........GGGAGCACCGACTACAACCCCTCCCTCAAG...AGTCGAGTCACCATCTCAGTCGACACGTCCAAGAACCAGTTCTCCCTGAGGCTGACCTCTGTGACCGCTGCGGACACGGCCGTGTATTACTGTGCGAGATTGTCTAGTGGCTGGTATGCCTACTGGGGCCAGGGAACGTTGGTCACCGTCTCCTCAG	CAGGTGCAGCTGCAGGAGTCGGGCCCA...GGACTGGTGAAGCCTTCGGAGACCCTGTCCCTCACCTGCACTGTCTCTGGTGGCTCCATC............AGTAGTTACTACTGGAGCTGGATCCGGCAGCCCCCAGGGAAGGGACTGGAGTGGATTGGGTATATCTATTACAGT.........GGGAGCACCAACTACAACCCCTCCCTCAAG...AGTCGAGTCACCATATCAGTAGACACGTCCAAGAACCAGTTCTCCCTGAAGCTGAGCTCTGTGACCGCTGCGGACACGGCCGTGTATTACTGTGCGAGANNNNNNAGTGGCTGGTANNNCTACTGGGGCCAGGGAACCCTGGTCACCGTCTCCTCAG	TGTGCGAGATTGTCTAGTGGCTGGTATGCCTACTGG	CARLSSGWYAYW	GGTGACTCCATG............AGTAGTTACTAT	ATCTATTACACT.........GGGAGCACC	GCGAGATTGTCTAGTGGCTGGTATGCCTAC	.....................GGCCCA...GGACTGGTGAAGCCTTNGGAGACCCTGTCCCTCACCTGCACTGTCTCT	TGGAGCTGGATCCGGCAGCCCCCAGGGAAGGGACTGGAGTGGATTGGGTCT	GACTACAACCCCTCCCTCAAG...AGTCGAGTCACCATCTCAGTCGACACGTCCAAGAACCAGTTCTCCCTGAGGCTGACCTCTGTGACCGCTGCGGACACGGCCGTGTATTACTGT	TGGGGCCAGGGAACGTTGGTCACCGTCTCCTCAG	388	0.95926	7.609999999999999e-110	21N22=1X35=1X6=1X11=1X49=1X11=1X10=1X34=1X5=1X28=1X5=1X43=	21.8	1	0.05900000000000001	276S9N11=	62.2	0.9473699999999995	7.23e-14	290S10N18=2X18=	1	270	1	318	277	287	10	20	291	328	11	48	36	6	3	2	1	IGHG,20100505_IGHV_left_35	IGHG	20100505_IGHV_left_35	M5	human	IG	Brain_lesion	Baseline	Bcell	FALSE	female	63	uni_tue	376	SRR1383466	TRUE	
1ATATGCACACGCCAG,1ATATGCACACGCCAG	GGGAGGCCTGGTCACGCCTGGGGGGTCCCTGAGACTCTCCTGTGCAGCCTCTGGATTCACCTTCAGTGATTATAGCATGAGCTGGGTCCGCCAGGCCCCAGGGAAGGGNCTGGAGTGGGTCGCATCCATGAGTAAGAGTAGTATTTTCATATTTTACGCGGACTCAGTGAAGGGCCGATTCACCATCTCCAGAGACAACGCCAAGAACTCCCTGTATCTGCAAATGAACAGCCTGAGAGACGAGGACACGGCTGTATATTACTGTGCGAGAGACACCACGACTACGGTGACTAAATCGTACGGTCACTGGGGCCAGGGAACCCAGGTCACCGTCTCCTCTTTC	T	T	T	F	IGH	IGHV3-21*01,IGHV3-21*02	IGHD4-17*01	IGHJ4*02	IGHG	.......................GGGA...GGCCTGGTCACGCCTGGGGGGTCCCTGAGACTCTCCTGTGCAGCCTCTGGATTCACCTTC............AGTGATTATAGCATGAGCTGGGTCCGCCAGGCCCCAGGGAAGGGNCTGGAGTGGGTCGCATCCATGAGTAAGAGT......AGTATTTTCATATTTTACGCGGACTCAGTGAAG...GGCCGATTCACCATCTCCAGAGACAACGCCAAGAACTCCCTGTATCTGCAAATGAACAGCCTGAGAGACGAGGACACGGCTGTATATTACTGTGCGAGAGACACCACGACTACGGTGACTAAATCGTACGGTCACTGGGGCCAGGGAACCCAGGTCACCGTCTCCTC	GAGGTGCAGCTGGTGGAGTCTGGGGGA...GGCCTGGTCAAGCCTGGGGGGTCCCTGAGACTCTCCTGTGCAGCCTCTGGATTCACCTTC............AGTAGCTATAGCATGAACTGGGTCCGCCAGGCTCCAGGGAAGGGGCTGGAGTGGGTCTCATCCATTAGTAGTAGT......AGTAGTTACATATACTACGCAGACTCAGTGAAG...GGCCGATTCACCATCTCCAGAGACAACGCCAAGAACTCACTGTATCTGCAAATGAACAGCCTGAGAGCCGAGGACACGGCTGTGTATTACTGTGCGAGAGANNNNNNGACTACGGTGACTANNNNNNNNNNNNACTGGGGCCAGGGAACCCTGGTCACCGTCTCCTC	TGTGCGAGAGACACCACGACTACGGTGACTAAATCGTACGGTCACTGG	CARDTTTTVTKSYGHW	GGATTCACCTTC............AGTGATTATAGC	ATGAGTAAGAGT......AGTATTTTCATA	GCGAGAGACACCACGACTACGGTGACTAAATCGTACGGTCAC	.......................GGGA...GGCCTGGTCACGCCTGGGGGGTCCCTGAGACTCTCCTGTGCAGCCTCT	ATGAGCTGGGTCCGCCAGGCCCCAGGGAAGGGNCTGGAGTGGGTCGCATCC	TTTTACGCGGACTCAGTGAAG...GGCCGATTCACCATCTCCAGAGACAACGCCAAGAACTCCCTGTATCTGCAAATGAACAGCCTGAGAGACGAGGACACGGCTGTATATTACTGT	TGGGGCCAGGGAACCCAGGTCACCGTCTCCTC	367	0.9304000000000001	9.9e-104	23N14=1X52=3X10=1X15=1X11=1X12=1X7=1X4=2X7=1X2=1X5=2X5=1X50=1X28=1X15=1X17=	27.6	1	0.001	279S1N14=	60.3	0.97059	2.84e-13	305S12N18=1X15=	1	273	1	320	280	293	2	15	306	339	13	46	48	6	12	2	1	IGHG,20100505_IGHV_left_2	IGHG	20100505_IGHV_left_2	M5	human	IG	Brain_lesion	Baseline	Bcell	FALSE	female	63	uni_tue	386	SRR1383466	TRUE	
