sequence_id	sequence	rev_comp	productive	vj_in_frame	stop_codon	locus	v_call	d_call	j_call	c_call	sequence_alignment	germline_alignment	junction	junction_aa	cdr1	cdr2	cdr3	fwr1	fwr2	fwr3	fwr4	v_score	v_identity	v_support	v_cigar	d_score	d_identity	d_support	d_cigar	j_score	j_identity	j_support	j_cigar	v_sequence_start	v_sequence_end	v_germline_start	v_germline_end	d_sequence_start	d_sequence_end	d_germline_start	d_germline_end	j_sequence_start	j_sequence_end	j_germline_start	j_germline_end	junction_length	np1_length	np2_length	consensus_count	duplicate_count	prcons	c_primer	v_primer	sample_id	subject_id	species	pcr_target_locus
1ATTGTTGATGCGAGG,1ATTGTTGATGCGAGG	CCCAGGACTGGTGAAGCCTTCACAGACCCTGTCCCTCACCTGCACTGTCTCTGGTGGCTCCATCAGCAGTGGTGATTACTACTGGAGTTGGATCCGCCAGCCCCCAGGGAAGGGCCTGGAGTGGATCGGGTACATCTATTACAGTGGGAGCACCTACCACAACCCGTCCCTCAAGAGTCGAGTAACCATATCAGTAGACACGTCCAAGAACCAGTTCTCCCTGAAGCTGAGGTCTGTGACTGCCGCAGACACGGCCGTGTATTACTGTGCCAGAGGAGAACTGATTATTAATGATGCTTTTGATATCTGGGGCCAAGGGACAATGGTCACCGTCTCTTCAGCCT	T	T	T	F	IGH	IGHV4-30-2*07,IGHV4-30-4*01	IGHD3-9*01,IGHD3/OR15-3a*01,IGHD3/OR15-3b*01	IGHJ3*02		.......................CCCA...GGACTGGTGAAGCCTTCACAGACCCTGTCCCTCACCTGCACTGTCTCTGGTGGCTCCATCAGC......AGTGGTGATTACTACTGGAGTTGGATCCGCCAGCCCCCAGGGAAGGGCCTGGAGTGGATCGGGTACATCTATTACAGT.........GGGAGCACCTACCACAACCCGTCCCTCAAG...AGTCGAGTAACCATATCAGTAGACACGTCCAAGAACCAGTTCTCCCTGAAGCTGAGGTCTGTGACTGCCGCAGACACGGCCGTGTATTACTGTGCCAGAGGAGAACTGATTATTAATGATGCTTTTGATATCTGGGGCCAAGGGACAATGGTCACCGTCTCTTCAG	CAGGTGCAGCTGCAGGAGTCGGGCCCA...GGACTGGTGAAGCCTTCACAGACCCTGTCCCTCACCTGCACTGTCTCTGGTGGCTCCATCAGC......AGTGGTGATTACTACTGGAGTTGGATCCGCCAGCCCCCAGGGAAGGGCCTGGAGTGGATTGGGTACATCTATTACAGT.........GGGAGCACCTACTACAACCCGTCCCTCAAG...AGTCGAGTTACCATATCAGTAGACACGTCCAAGAACCAGTTCTCCCTGAAGCTGAGCTCTGTGACTGCCGCAGACACGGCCGTGTATTACTGTGCCAGAGNNNNACTGGTTATTANTGATGCTTTTGATATCTGGGGCCAAGGGACAATGGTCACCGTCTCTTCAG	TGTGCCAGAGGAGAACTGATTATTAATGATGCTTTTGATATCTGG	CARGELIINDAFDIW	GGTGGCTCCATCAGC......AGTGGTGATTACTAC	ATCTATTACAGT.........GGGAGCACC	GCCAGAGGAGAACTGATTATTAATGATGCTTTTGATATC	.......................CCCA...GGACTGGTGAAGCCTTCACAGACCCTGTCCCTCACCTGCACTGTCTCT	TGGAGTTGGATCCGCCAGCCCCCAGGGAAGGGCCTGGAGTGGATCGGGTAC	TACCACAACCCGTCCCTCAAG...AGTCGAGTAACCATATCAGTAGACACGTCCAAGAACCAGTTCTCCCTGAAGCTGAGGTCTGTGACTGCCGCAGACACGGCCGTGTATTACTGT	TGGGGCCAAGGGACAATGGTCACCGTCTCTTCAG	417	0.9854499999999999	9.729999999999999e-119	23N126=1X30=1X25=1X47=1X43=	16.1	0.9090900000000002	3.4	279S16N4=1X6=	96.8	1	2.8699999999999996e-24	291S50=	1	275	1	319	280	290	17	27	292	341	1	50	45	4	1	3	1	IGHG,20100505_IGHV_left_2	IGHG	20100505_IGHV_left_2	SRR1383456	M4	human	IG
1GGTCACAGGTTTAGT,1GGTCACAGGTTTAGT	GGGCTGAGGTGAAGAAGCCTGGGGCCTCAGTGAAGGTCTCCTGCAAGGCCTCTGGATACACCTTCACCAGTTATGATGTCACCTGGGTGCGACAGGCCCCTGGACAAGGGCTTGAGTGGATGGGATGGATGAACCCTGACAGTGGTAATATAGGATATGCACAGAAGTTCCAGGGCAGAGTCATCATGACCAGGAGTACCTCCATAAGCACAGCATACATGGAGCTGACCAGCCTGAGATCTGAGGACACGGCCGTGTATTATTGTGCGAGACGTCGACAGTATTACTATGGTTCGGGGGACTACTGGGGCCAGGGAACCCTGGTCACCGTCTCCTCAGCCT	T	T	T	F	IGH	IGHV1-8*01	IGHD3-10*01	IGHJ4*02		......................GGGCT...GAGGTGAAGAAGCCTGGGGCCTCAGTGAAGGTCTCCTGCAAGGCCTCTGGATACACCTTC............ACCAGTTATGATGTCACCTGGGTGCGACAGGCCCCTGGACAAGGGCTTGAGTGGATGGGATGGATGAACCCTGAC......AGTGGTAATATAGGATATGCACAGAAGTTCCAG...GGCAGAGTCATCATGACCAGGAGTACCTCCATAAGCACAGCATACATGGAGCTGACCAGCCTGAGATCTGAGGACACGGCCGTGTATTATTGTGCGAGACGTCGACAGTATTACTATGGTTCGGGGGACTACTGGGGCCAGGGAACCCTGGTCACCGTCTCCTCAG	CAGGTGCAGCTGGTGCAGTCTGGGGCT...GAGGTGAAGAAGCCTGGGGCCTCAGTGAAGGTCTCCTGCAAGGCTTCTGGATACACCTTC............ACCAGTTATGATATCAACTGGGTGCGACAGGCCACTGGACAAGGGCTTGAGTGGATGGGATGGATGAACCCTAAC......AGTGGTAACACAGGCTATGCACAGAAGTTCCAG...GGCAGAGTCACCATGACCAGGAACACCTCCATAAGCACAGCCTACATGGAGCTGAGCAGCCTGAGATCTGAGGACACGGCCGTGTATTACTGTGCGAGANNNNNNNNGTATTACTATGGTTCGGGGGACTACTGGGGCCAGGGAACCCTGGTCACCGTCTCCTCAG	TGTGCGAGACGTCGACAGTATTACTATGGTTCGGGGGACTACTGG	CARRRQYYYGSGDYW	GGATACACCTTC............ACCAGTTATGAT	ATGAACCCTGAC......AGTGGTAATATA	GCGAGACGTCGACAGTATTACTATGGTTCGGGGGACTAC	......................GGGCT...GAGGTGAAGAAGCCTGGGGCCTCAGTGAAGGTCTCCTGCAAGGCCTCT	GTCACCTGGGTGCGACAGGCCCCTGGACAAGGGCTTGAGTGGATGGGATGG	GGATATGCACAGAAGTTCCAG...GGCAGAGTCATCATGACCAGGAGTACCTCCATAAGCACAGCATACATGGAGCTGACCAGCCTGAGATCTGAGGACACGGCCGTGTATTATTGT	TGGGGCCAGGGAACCCTGGTCACCGTCTCCTCAG	382	0.94853	5.9300000000000005e-108	22N49=1X27=1X3=1X16=1X38=1X10=1X1=1X3=1X28=1X11=2X17=1X13=1X33=1X9=	37.2	1	1.4299999999999999e-6	280S19=	77.6	1	1.75e-18	299S8N40=	1	272	1	318	281	299	1	19	300	339	9	48	45	8	0	3	1	IGHG,20100505_IGHV_left_26	IGHG	20100505_IGHV_left_26	SRR1383456	M4	human	IG
1GACAATCTAGCCATG,1GACAATCTAGCCATG	GGCCCAGGACTGGTGAAGCCTTCGGGGACCCTGTCCCTCACTTGCGTTGTCTCTGGTGGCTCCATCAGTAGTAATAACTGCTGGAGTTGGGTCCGCCAGCCCCCAGGGAAGGGGCTGGAGTGGATTGGGGAAATCTTTCAAAGTGGGAGCACCAACTACAACCCGTCCCTCAAGAGTCGAGTCACCATATCAGTGGACAAGCCCAAGAATCAGTTCTCCCTGAATTTGACCTCTGTGACCGCCGCGGACACGGCCGTGTATTACTGTGCGACGGCTTCAGTGGCTGGTACGGTGATAGACTACTGGGGCCAGGGAATCCTGGTCACCGTCTCCTCAGCCT	T	T	T	F	IGH	IGHV4-4*02	IGHD6-19*01	IGHJ4*02		.....................GGCCCA...GGACTGGTGAAGCCTTCGGGGACCCTGTCCCTCACTTGCGTTGTCTCTGGTGGCTCCATCAGT.........AGTAATAACTGCTGGAGTTGGGTCCGCCAGCCCCCAGGGAAGGGGCTGGAGTGGATTGGGGAAATCTTTCAAAGT.........GGGAGCACCAACTACAACCCGTCCCTCAAG...AGTCGAGTCACCATATCAGTGGACAAGCCCAAGAATCAGTTCTCCCTGAATTTGACCTCTGTGACCGCCGCGGACACGGCCGTGTATTACTGTGCGACGGCTTCAGTGGCTGGTACGGTGATAGACTACTGGGGCCAGGGAATCCTGGTCACCGTCTCCTCAG	CAGGTGCAGCTGCAGGAGTCGGGCCCA...GGACTGGTGAAGCCTTCGGGGACCCTGTCCCTCACCTGCGCTGTCTCTGGTGGCTCCATCAGC.........AGTAGTAACTGGTGGAGTTGGGTCCGCCAGCCCCCAGGGAAGGGGCTGGAGTGGATTGGGGAAATCTATCATAGT.........GGGAGCACCAACTACAACCCGTCCCTCAAG...AGTCGAGTCACCATATCAGTAGACAAGTCCAAGAACCAGTTCTCCCTGAAGCTGAGCTCTGTGACCGCCGCGGACACGGCCGTGTATTACTGTGCGANNNNNNCAGTGGCTGGTACNNNNNNNGACTACTGGGGCCAGGGAACCCTGGTCACCGTCTCCTCAG	TGTGCGACGGCTTCAGTGGCTGGTACGGTGATAGACTACTGG	CATASVAGTVIDYW	GGTGGCTCCATCAGT.........AGTAATAACTGC	ATCTTTCAAAGT.........GGGAGCACC	GCGACGGCTTCAGTGGCTGGTACGGTGATAGACTAC	.....................GGCCCA...GGACTGGTGAAGCCTTCGGGGACCCTGTCCCTCACTTGCGTTGTCTCT	TGGAGTTGGGTCCGCCAGCCCCCAGGGAAGGGGCTGGAGTGGATTGGGGAA	AACTACAACCCGTCCCTCAAG...AGTCGAGTCACCATATCAGTGGACAAGCCCAAGAATCAGTTCTCCCTGAATTTGACCTCTGTGACCGCCGCGGACACGGCCGTGTATTACTGT	TGGGGCCAGGGAATCCTGGTCACCGTCTCCTCAG	383	0.95203	2e-108	21N41=1X4=1X21=1X4=1X6=1X55=1X3=1X53=1X6=1X7=1X14=2X3=1X41=	25.7	1	0.004	277S8N13=	71.8	0.975	9.490000000000001e-17	297S8N19=1X20=	1	271	1	316	278	290	9	21	298	337	9	48	42	6	7	5	1	IGHD,20100505_IGHV_left_35	IGHD	20100505_IGHV_left_35	SRR1383456	M4	human	IG
1GGACCGTGCCATACG,1GGACCGTGCCATACG	GGAGGCTTGGTCCAGCCTGGGGGGTCCCTGAGACTCTCCTGTGCAGCCTCTGGATTAACCCTTAGTAGCTATTGGATGAGCTGGGTCCGCCAGGCTCCAGGGAAGGGGCTGGAGTGGGTGGCCAACATAAAGCAAGATGGAAGTGAGAAATACTATGTGGACTCTGTGAAGGGCCGATTCACCATCTCCAGAGACAACGCCAAGAACTCACTGTTTCTGCAAATGAACAGCCTGAGAGCCGAGGACACGGCTGTGTATTACTGTGCGGCAGACACGAGGGCAATGACTGTATTCTACTGGGGCCAGGGAACCCTGGTCACCGTCTCCTCAGGGA	T	T	T	F	IGH	IGHV3-7*01	IGHD2-21*02,IGHD3-9*01	IGHJ4*02		........................GGA...GGCTTGGTCCAGCCTGGGGGGTCCCTGAGACTCTCCTGTGCAGCCTCTGGATTAACCCTT............AGTAGCTATTGGATGAGCTGGGTCCGCCAGGCTCCAGGGAAGGGGCTGGAGTGGGTGGCCAACATAAAGCAAGAT......GGAAGTGAGAAATACTATGTGGACTCTGTGAAG...GGCCGATTCACCATCTCCAGAGACAACGCCAAGAACTCACTGTTTCTGCAAATGAACAGCCTGAGAGCCGAGGACACGGCTGTGTATTACTGTGCGGCAGACACGAGGGCAATGACTGTATTCTACTGGGGCCAGGGAACCCTGGTCACCGTCTCCTCAG	GAGGTGCAGCTGGTGGAGTCTGGGGGA...GGCTTGGTCCAGCCTGGGGGGTCCCTGAGACTCTCCTGTGCAGCCTCTGGATTCACCTTT............AGTAGCTATTGGATGAGCTGGGTCCGCCAGGCTCCAGGGAAGGGGCTGGAGTGGGTGGCCAACATAAAGCAAGAT......GGAAGTGAGAAATACTATGTGGACTCTGTGAAG...GGCCGATTCACCATCTCCAGAGACAACGCCAAGAACTCACTGTATCTGCAAATGAACAGCCTGAGAGCCGAGGACACGGCTGTGTATTACTGTGCGAGAGANNNNNNNNNNNTGACTGNNNNCTACTGGGGCCAGGGAACCCTGGTCACCGTCTCCTCAG	TGTGCGGCAGACACGAGGGCAATGACTGTATTCTACTGG	CAADTRAMTVFYW	GGATTAACCCTT............AGTAGCTATTGG	ATAAAGCAAGAT......GGAAGTGAGAAA	GCGGCAGACACGAGGGCAATGACTGTATTCTAC	........................GGA...GGCTTGGTCCAGCCTGGGGGGTCCCTGAGACTCTCCTGTGCAGCCTCT	ATGAGCTGGGTCCGCCAGGCTCCAGGGAAGGGGCTGGAGTGGGTGGCCAAC	TACTATGTGGACTCTGTGAAG...GGCCGATTCACCATCTCCAGAGACAACGCCAAGAACTCACTGTTTCTGCAAATGAACAGCCTGAGAGCCGAGGACACGGCTGTGTATTACTGT	TGGGGCCAGGGAACCCTGGTCACCGTCTCCTCAG	410	0.98162	2.0899999999999997e-116	24N56=1X3=1X153=1X52=2X3=	12.2	1	47	283S15N6=	73.7	1	2.4600000000000002e-17	293S10N38=	1	272	1	320	284	289	16	21	294	331	11	48	39	11	4	2	2	IGHM,20100505_IGHV_left_12	IGHM	20100505_IGHV_left_12	SRR1383456	M4	human	IG
1CCATTTGTTTTACAT,1CCATTTGTTTTACAT	TACGCTGGTGAAACCCACACAGACCCTCACGCTGACCTGCACCTTCTCTGGTTTCTCTCTCAACACTAGAGGGGTGGGTGTGGGCTGGATCCGTCAGCCCCCAGGAAAGGCCCTGGAGTGGCTTTCACTCATTTATTGGGATGGTGCTAAACACTTCAGCCCATCTCTGAGGAGCAGGCTCACCATCACCAAGGACACCTCCAAAAGCCAGGTGGTCCTTTCAATGACCAACATGGCCCCTGTGGACACAGCCACATATTTCTGTGCGCACCATGGATTGATCGATAATTACGGTCCTCGGAGTGGCTCCCTCTTTGACCAGTGGGGCCAGGGAACCCTGGTCACCGTCTCCTCAGCCT	T	T	T	F	IGH	IGHV2-5*02	IGHD3-3*01,IGHD3-3*02,IGHD5-12*01	IGHJ4*02		..........................T...ACGCTGGTGAAACCCACACAGACCCTCACGCTGACCTGCACCTTCTCTGGTTTCTCTCTCAAC......ACTAGAGGGGTGGGTGTGGGCTGGATCCGTCAGCCCCCAGGAAAGGCCCTGGAGTGGCTTTCACTCATTTATTGGGAT.........GGTGCTAAACACTTCAGCCCATCTCTGAGG...AGCAGGCTCACCATCACCAAGGACACCTCCAAAAGCCAGGTGGTCCTTTCAATGACCAACATGGCCCCTGTGGACACAGCCACATATTTCTGTGCGCACCATGGATTGATCGATAATTACGGTCCTCGGAGTGGCTCCCTCTTTGACCAGTGGGGCCAGGGAACCCTGGTCACCGTCTCCTCAG	CAGATCACCTTGAAGGAGTCTGGTCCT...ACGCTGGTGAAACCCACACAGACCCTCACGCTGACCTGCACCTTCTCTGGGTTCTCACTCAGC......ACTAGTGGAGTGGGTGTGGGCTGGATCCGTCAGCCCCCAGGAAAGGCCCTGGAGTGGCTTGCACTCATTTATTGGGAT.........GATGATAAGCGCTACAGCCCATCTCTGAAG...AGCAGGCTCACCATCACCAAGGACACCTCCAAAAACCAGGTGGTCCTTACAATGACCAACATGGACCCTGTGGACACAGCCACATATTACTGTGCACACNNNNNNNNNNNNNNNNNNNNNNNNNNNNGGAGTGGNNNNNNCTTTGACTACTGGGGCCAGGGAACCCTGGTCACCGTCTCCTCAG	TGTGCGCACCATGGATTGATCGATAATTACGGTCCTCGGAGTGGCTCCCTCTTTGACCAGTGG	CAHHGLIDNYGPRSGSLFDQW	GGTTTCTCTCTCAAC......ACTAGAGGGGTGGGT	ATTTATTGGGAT.........GGTGCTAAA	GCGCACCATGGATTGATCGATAATTACGGTCCTCGGAGTGGCTCCCTCTTTGACCAG	..........................T...ACGCTGGTGAAACCCACACAGACCCTCACGCTGACCTGCACCTTCTCT	GTGGGCTGGATCCGTCAGCCCCCAGGAAAGGCCCTGGAGTGGCTTTCACTC	CACTTCAGCCCATCTCTGAGG...AGCAGGCTCACCATCACCAAGGACACCTCCAAAAGCCAGGTGGTCCTTTCAATGACCAACATGGCCCCTGTGGACACAGCCACATATTTCTGT	TGGGGCCAGGGAACCCTGGTCACCGTCTCCTCAG	371	0.93727	1.1999999999999999e-104	26N51=1X5=1X4=1X6=1X2=1X51=1X18=1X2=1X3=1X1=1X2=1X14=1X35=1X13=1X15=1X23=1X6=1X3=	14.1	1	13	299S14N7=	73.7	0.95455	2.6500000000000002e-17	312S4N7=1X1=1X34=	1	271	1	318	300	306	15	21	313	356	5	48	63	28	6	3	3	IGHG,20100505_IGHV_left_44	IGHG	20100505_IGHV_left_44	SRR1383456	M4	human	IG
1GACATCATCGAATTG,1GACATCATCGAATTG	TACGCTGGTGAAACCCACACAGACCCTCACGCTGACCTGCACCTTCTCTGGTTTCTCTCTCAACACTAGAGGGGTGGGTGTGGGCTGGATCCGTCAGCCCCCAGGAAAGGCCCTGGAGTGGCTTTCACTCATTTATTGGGATGGTGCTAAACACTTCAGCCCATCTCTGAGGAGCAGGCTCACCATCACCAAGGACACCTCCAAAAGCCAGGTGGTCCTTTCAATGACCAACATGGCCCCTGTGGACACAGCCACATATTTCTGTGCGCACCATGGATTGATCGATAATTACGGTCCTCGGAGTGGCTCCCTCTTTGACCAGTGGGGCCAGGGAACCCTGGTCACCGTCTCCTCAGCCC	T	T	T	F	IGH	IGHV2-5*02	IGHD3-3*01,IGHD3-3*02,IGHD5-12*01	IGHJ4*02		..........................T...ACGCTGGTGAAACCCACACAGACCCTCACGCTGACCTGCACCTTCTCTGGTTTCTCTCTCAAC......ACTAGAGGGGTGGGTGTGGGCTGGATCCGTCAGCCCCCAGGAAAGGCCCTGGAGTGGCTTTCACTCATTTATTGGGAT.........GGTGCTAAACACTTCAGCCCATCTCTGAGG...AGCAGGCTCACCATCACCAAGGACACCTCCAAAAGCCAGGTGGTCCTTTCAATGACCAACATGGCCCCTGTGGACACAGCCACATATTTCTGTGCGCACCATGGATTGATCGATAATTACGGTCCTCGGAGTGGCTCCCTCTTTGACCAGTGGGGCCAGGGAACCCTGGTCACCGTCTCCTCAG	CAGATCACCTTGAAGGAGTCTGGTCCT...ACGCTGGTGAAACCCACACAGACCCTCACGCTGACCTGCACCTTCTCTGGGTTCTCACTCAGC......ACTAGTGGAGTGGGTGTGGGCTGGATCCGTCAGCCCCCAGGAAAGGCCCTGGAGTGGCTTGCACTCATTTATTGGGAT.........GATGATAAGCGCTACAGCCCATCTCTGAAG...AGCAGGCTCACCATCACCAAGGACACCTCCAAAAACCAGGTGGTCCTTACAATGACCAACATGGACCCTGTGGACACAGCCACATATTACTGTGCACACNNNNNNNNNNNNNNNNNNNNNNNNNNNNGGAGTGGNNNNNNCTTTGACTACTGGGGCCAGGGAACCCTGGTCACCGTCTCCTCAG	TGTGCGCACCATGGATTGATCGATAATTACGGTCCTCGGAGTGGCTCCCTCTTTGACCAGTGG	CAHHGLIDNYGPRSGSLFDQW	GGTTTCTCTCTCAAC......ACTAGAGGGGTGGGT	ATTTATTGGGAT.........GGTGCTAAA	GCGCACCATGGATTGATCGATAATTACGGTCCTCGGAGTGGCTCCCTCTTTGACCAG	..........................T...ACGCTGGTGAAACCCACACAGACCCTCACGCTGACCTGCACCTTCTCT	GTGGGCTGGATCCGTCAGCCCCCAGGAAAGGCCCTGGAGTGGCTTTCACTC	CACTTCAGCCCATCTCTGAGG...AGCAGGCTCACCATCACCAAGGACACCTCCAAAAGCCAGGTGGTCCTTTCAATGACCAACATGGCCCCTGTGGACACAGCCACATATTTCTGT	TGGGGCCAGGGAACCCTGGTCACCGTCTCCTCAG	371	0.93727	1.1999999999999999e-104	26N51=1X5=1X4=1X6=1X2=1X51=1X18=1X2=1X3=1X1=1X2=1X14=1X35=1X13=1X15=1X23=1X6=1X3=	14.1	1	13	299S14N7=	73.7	0.95455	2.6500000000000002e-17	312S4N7=1X1=1X34=	1	271	1	318	300	306	15	21	313	356	5	48	63	28	6	2	1	IGHG,20100505_IGHV_left_44	IGHG	20100505_IGHV_left_44	SRR1383456	M4	human	IG
1GTATCCGGCCAGACG,1GTATCCGGCCAGACG	GGCTGAGGTGAAGAAGCCTGGGGCCTCAGTGAAGGTCTCCTGCAAGGCCTCTGGATACACCTTCACCAGTTATGATGTCACCTGGGTGCGACAGGCCCCTGGACAAGGGCTTGAGTGGATGGGATGGATGAACCCTGACAGTGGTAATATAGGATATGCACAGAAGTTCCAGGGCAGAGTCATCATGACCAGGAGTACCTCCATAAGCACAGCATACATGGAGCTGACCAGCCTGAGATCTGAGGACACGGCCGTGTATTATTGTGCGAGACGTCGACAGTATTACTATGGTTCGGGGGACTACTGGGGCCAGGGAACCCTGGTCACCGTCTCCTCAGCCT	T	T	T	F	IGH	IGHV1-8*01	IGHD3-10*01	IGHJ4*02		.......................GGCT...GAGGTGAAGAAGCCTGGGGCCTCAGTGAAGGTCTCCTGCAAGGCCTCTGGATACACCTTC............ACCAGTTATGATGTCACCTGGGTGCGACAGGCCCCTGGACAAGGGCTTGAGTGGATGGGATGGATGAACCCTGAC......AGTGGTAATATAGGATATGCACAGAAGTTCCAG...GGCAGAGTCATCATGACCAGGAGTACCTCCATAAGCACAGCATACATGGAGCTGACCAGCCTGAGATCTGAGGACACGGCCGTGTATTATTGTGCGAGACGTCGACAGTATTACTATGGTTCGGGGGACTACTGGGGCCAGGGAACCCTGGTCACCGTCTCCTCAG	CAGGTGCAGCTGGTGCAGTCTGGGGCT...GAGGTGAAGAAGCCTGGGGCCTCAGTGAAGGTCTCCTGCAAGGCTTCTGGATACACCTTC............ACCAGTTATGATATCAACTGGGTGCGACAGGCCACTGGACAAGGGCTTGAGTGGATGGGATGGATGAACCCTAAC......AGTGGTAACACAGGCTATGCACAGAAGTTCCAG...GGCAGAGTCACCATGACCAGGAACACCTCCATAAGCACAGCCTACATGGAGCTGAGCAGCCTGAGATCTGAGGACACGGCCGTGTATTACTGTGCGAGANNNNNNNNGTATTACTATGGTTCGGGGGACTACTGGGGCCAGGGAACCCTGGTCACCGTCTCCTCAG	TGTGCGAGACGTCGACAGTATTACTATGGTTCGGGGGACTACTGG	CARRRQYYYGSGDYW	GGATACACCTTC............ACCAGTTATGAT	ATGAACCCTGAC......AGTGGTAATATA	GCGAGACGTCGACAGTATTACTATGGTTCGGGGGACTAC	.......................GGCT...GAGGTGAAGAAGCCTGGGGCCTCAGTGAAGGTCTCCTGCAAGGCCTCT	GTCACCTGGGTGCGACAGGCCCCTGGACAAGGGCTTGAGTGGATGGGATGG	GGATATGCACAGAAGTTCCAG...GGCAGAGTCATCATGACCAGGAGTACCTCCATAAGCACAGCATACATGGAGCTGACCAGCCTGAGATCTGAGGACACGGCCGTGTATTATTGT	TGGGGCCAGGGAACCCTGGTCACCGTCTCCTCAG	380	0.9483400000000002	1.74e-107	23N48=1X27=1X3=1X16=1X38=1X10=1X1=1X3=1X28=1X11=2X17=1X13=1X33=1X9=	37.2	1	1.4299999999999999e-6	279S19=	77.6	1	1.75e-18	298S8N40=	1	271	1	318	280	298	1	19	299	338	9	48	45	8	0	2	2	IGHG,20100505_IGHV_left_2	IGHG	20100505_IGHV_left_2	SRR1383456	M4	human	IG
1TTCAGTTCCACAGTC,1TTCAGTTCCACAGTC	GGCCCAGGACTGGTGAAGCCTTCGGGGACCCTGTCCCTCACTTGCGTTGTCTCTGGTGGCTCCATCAGTAGTAATAACTGCTGGAGTTGGGTCCGCCAGCCCCCAGGGAAGGGGCTGGAGTGGATTGGGGAAATCTTTCAAAGTGGGAGCACCAACTACAACCCGTCCCTCAAGAGTCGAGTCACCATATCAGTGGACAAGCCCAAGAATCAGTTCTCCCTGAATTTGACCTCTGTGACCGCCGCGGACACGGCCGTGTATTACTGTGCGACGGCTTCAGTGGCTGGTACGGTGATAGACTACTGGGGCCAGGGAATCCTGGTCACCGTCTCCTCAGCCT	T	T	T	F	IGH	IGHV4-4*02	IGHD6-19*01	IGHJ4*02		.....................GGCCCA...GGACTGGTGAAGCCTTCGGGGACCCTGTCCCTCACTTGCGTTGTCTCTGGTGGCTCCATCAGT.........AGTAATAACTGCTGGAGTTGGGTCCGCCAGCCCCCAGGGAAGGGGCTGGAGTGGATTGGGGAAATCTTTCAAAGT.........GGGAGCACCAACTACAACCCGTCCCTCAAG...AGTCGAGTCACCATATCAGTGGACAAGCCCAAGAATCAGTTCTCCCTGAATTTGACCTCTGTGACCGCCGCGGACACGGCCGTGTATTACTGTGCGACGGCTTCAGTGGCTGGTACGGTGATAGACTACTGGGGCCAGGGAATCCTGGTCACCGTCTCCTCAG	CAGGTGCAGCTGCAGGAGTCGGGCCCA...GGACTGGTGAAGCCTTCGGGGACCCTGTCCCTCACCTGCGCTGTCTCTGGTGGCTCCATCAGC.........AGTAGTAACTGGTGGAGTTGGGTCCGCCAGCCCCCAGGGAAGGGGCTGGAGTGGATTGGGGAAATCTATCATAGT.........GGGAGCACCAACTACAACCCGTCCCTCAAG...AGTCGAGTCACCATATCAGTAGACAAGTCCAAGAACCAGTTCTCCCTGAAGCTGAGCTCTGTGACCGCCGCGGACACGGCCGTGTATTACTGTGCGANNNNNNCAGTGGCTGGTACNNNNNNNGACTACTGGGGCCAGGGAACCCTGGTCACCGTCTCCTCAG	TGTGCGACGGCTTCAGTGGCTGGTACGGTGATAGACTACTGG	CATASVAGTVIDYW	GGTGGCTCCATCAGT.........AGTAATAACTGC	ATCTTTCAAAGT.........GGGAGCACC	GCGACGGCTTCAGTGGCTGGTACGGTGATAGACTAC	.....................GGCCCA...GGACTGGTGAAGCCTTCGGGGACCCTGTCCCTCACTTGCGTTGTCTCT	TGGAGTTGGGTCCGCCAGCCCCCAGGGAAGGGGCTGGAGTGGATTGGGGAA	AACTACAACCCGTCCCTCAAG...AGTCGAGTCACCATATCAGTGGACAAGCCCAAGAATCAGTTCTCCCTGAATTTGACCTCTGTGACCGCCGCGGACACGGCCGTGTATTACTGT	TGGGGCCAGGGAATCCTGGTCACCGTCTCCTCAG	383	0.95203	2e-108	21N41=1X4=1X21=1X4=1X6=1X55=1X3=1X53=1X6=1X7=1X14=2X3=1X41=	25.7	1	0.004	277S8N13=	71.8	0.975	9.490000000000001e-17	297S8N19=1X20=	1	271	1	316	278	290	9	21	298	337	9	48	42	6	7	3	1	IGHG,20100505_IGHV_left_35	IGHG	20100505_IGHV_left_35	SRR1383456	M4	human	IG
1CAGAACTGGTTGTAA,1CAGAACTGGTTGTAA	GGGAGGCTTGGTCCAGCCTGGGGGGTCCCTGAGACTCTCCTGTGCAGCCTCTGGATTAACCCTTAGTAGCTATTGGATGAGCTGGGTCCGCCAGGCTCCAGGGAAGGGGCTGGAGTGGGTGGCCAACATAAAGCAAGATGGAAGTGAGAAATACTATGTGGACTCTGTGAAGGGCCGATTCACCATCTCCAGAGACAACGCCAAGAACTCACTGTTTCTGCAAATGAACAGCCTGAGAGCCGAGGACACGGCTGTGTATTACTGTGCGGCAGACACGAGGGCAATGACTGTATTCTACTGGGGCCAGGGAACCCTGGTCACCGTCTCCTCAGGGA	T	T	T	F	IGH	IGHV3-7*01	IGHD2-21*02,IGHD3-9*01	IGHJ4*02		.......................GGGA...GGCTTGGTCCAGCCTGGGGGGTCCCTGAGACTCTCCTGTGCAGCCTCTGGATTAACCCTT............AGTAGCTATTGGATGAGCTGGGTCCGCCAGGCTCCAGGGAAGGGGCTGGAGTGGGTGGCCAACATAAAGCAAGAT......GGAAGTGAGAAATACTATGTGGACTCTGTGAAG...GGCCGATTCACCATCTCCAGAGACAACGCCAAGAACTCACTGTTTCTGCAAATGAACAGCCTGAGAGCCGAGGACACGGCTGTGTATTACTGTGCGGCAGACACGAGGGCAATGACTGTATTCTACTGGGGCCAGGGAACCCTGGTCACCGTCTCCTCAG	GAGGTGCAGCTGGTGGAGTCTGGGGGA...GGCTTGGTCCAGCCTGGGGGGTCCCTGAGACTCTCCTGTGCAGCCTCTGGATTCACCTTT............AGTAGCTATTGGATGAGCTGGGTCCGCCAGGCTCCAGGGAAGGGGCTGGAGTGGGTGGCCAACATAAAGCAAGAT......GGAAGTGAGAAATACTATGTGGACTCTGTGAAG...GGCCGATTCACCATCTCCAGAGACAACGCCAAGAACTCACTGTATCTGCAAATGAACAGCCTGAGAGCCGAGGACACGGCTGTGTATTACTGTGCGAGAGANNNNNNNNNNNTGACTGNNNNCTACTGGGGCCAGGGAACCCTGGTCACCGTCTCCTCAG	TGTGCGGCAGACACGAGGGCAATGACTGTATTCTACTGG	CAADTRAMTVFYW	GGATTAACCCTT............AGTAGCTATTGG	ATAAAGCAAGAT......GGAAGTGAGAAA	GCGGCAGACACGAGGGCAATGACTGTATTCTAC	.......................GGGA...GGCTTGGTCCAGCCTGGGGGGTCCCTGAGACTCTCCTGTGCAGCCTCT	ATGAGCTGGGTCCGCCAGGCTCCAGGGAAGGGGCTGGAGTGGGTGGCCAAC	TACTATGTGGACTCTGTGAAG...GGCCGATTCACCATCTCCAGAGACAACGCCAAGAACTCACTGTTTCTGCAAATGAACAGCCTGAGAGCCGAGGACACGGCTGTGTATTACTGT	TGGGGCCAGGGAACCCTGGTCACCGTCTCCTCAG	411	0.9816800000000001	7.1e-117	23N57=1X3=1X153=1X52=2X3=	12.2	1	47	284S15N6=	73.7	1	2.4600000000000002e-17	294S10N38=	1	273	1	320	285	290	16	21	295	332	11	48	39	11	4	4	3	IGHM,20100505_IGHV_left_2	IGHM	20100505_IGHV_left_2	SRR1383456	M4	human	IG
1AAAGCTTTCAGGTTT,1AAAGCTTTCAGGTTT	GGAGGCTTGGTCCAGCCTGGGGGGTCCCTGAGACTCTCCTGTGCAGCCTCTGGATTAACCCTTAGTAGCTATTGGATGAGCTGGGTCCGCCAGGCTCCAGGGAAGGGGCTGGAGTGGGTGGCCAACATAAAGCAAGATGGAAGTGAGAAATACTATGTGGACTCTGTGAAGGGCCGATTCACCATCTCCAGAGACAACGCCAAGAACTCACTGTTTCTGCAAATGAACAGCCTGAGAGCCGAGGACACGGCTGTGTATTACTGTGCGGCAGACACGAGGGCAATGACTGTATTCTACTGGGGCCAGGGAACCCTGGTCACCGTCTCCTCAGGAA	T	T	T	F	IGH	IGHV3-7*01	IGHD2-21*02,IGHD3-9*01	IGHJ4*02		........................GGA...GGCTTGGTCCAGCCTGGGGGGTCCCTGAGACTCTCCTGTGCAGCCTCTGGATTAACCCTT............AGTAGCTATTGGATGAGCTGGGTCCGCCAGGCTCCAGGGAAGGGGCTGGAGTGGGTGGCCAACATAAAGCAAGAT......GGAAGTGAGAAATACTATGTGGACTCTGTGAAG...GGCCGATTCACCATCTCCAGAGACAACGCCAAGAACTCACTGTTTCTGCAAATGAACAGCCTGAGAGCCGAGGACACGGCTGTGTATTACTGTGCGGCAGACACGAGGGCAATGACTGTATTCTACTGGGGCCAGGGAACCCTGGTCACCGTCTCCTCAG	GAGGTGCAGCTGGTGGAGTCTGGGGGA...GGCTTGGTCCAGCCTGGGGGGTCCCTGAGACTCTCCTGTGCAGCCTCTGGATTCACCTTT............AGTAGCTATTGGATGAGCTGGGTCCGCCAGGCTCCAGGGAAGGGGCTGGAGTGGGTGGCCAACATAAAGCAAGAT......GGAAGTGAGAAATACTATGTGGACTCTGTGAAG...GGCCGATTCACCATCTCCAGAGACAACGCCAAGAACTCACTGTATCTGCAAATGAACAGCCTGAGAGCCGAGGACACGGCTGTGTATTACTGTGCGAGAGANNNNNNNNNNNTGACTGNNNNCTACTGGGGCCAGGGAACCCTGGTCACCGTCTCCTCAG	TGTGCGGCAGACACGAGGGCAATGACTGTATTCTACTGG	CAADTRAMTVFYW	GGATTAACCCTT............AGTAGCTATTGG	ATAAAGCAAGAT......GGAAGTGAGAAA	GCGGCAGACACGAGGGCAATGACTGTATTCTAC	........................GGA...GGCTTGGTCCAGCCTGGGGGGTCCCTGAGACTCTCCTGTGCAGCCTCT	ATGAGCTGGGTCCGCCAGGCTCCAGGGAAGGGGCTGGAGTGGGTGGCCAAC	TACTATGTGGACTCTGTGAAG...GGCCGATTCACCATCTCCAGAGACAACGCCAAGAACTCACTGTTTCTGCAAATGAACAGCCTGAGAGCCGAGGACACGGCTGTGTATTACTGT	TGGGGCCAGGGAACCCTGGTCACCGTCTCCTCAG	410	0.98162	2.0899999999999997e-116	24N56=1X3=1X153=1X52=2X3=	12.2	1	47	283S15N6=	73.7	1	2.4600000000000002e-17	293S10N38=	1	272	1	320	284	289	16	21	294	331	11	48	39	11	4	3	1	IGHM,20100505_IGHV_left_36	IGHM	20100505_IGHV_left_36	SRR1383456	M4	human	IG
1TGGCGTAGTGGCTGG,1TGGCGTAGTGGCTGG	TACGCTGGTGAAACCCACACAGACCCTCACGCTGACCTGCACCTTCTCTGGTTTCTCTCTCAACACTAGAGGGGTGGGTGTGGGCTGGATCCGTCAGCCCCCAGGAAAGGCCCTGGAGTGGCTTTCACTCATTTATTGGGATGGTGCTAAACACTTCAGCCCATCTCTGAGGAGCAGGCTCACCATCACCAAGGACACCTCCAAAAGCCAGGTGGTCCTTTCAATGACCAACATGGCCCCTGTGGACACAGCCACATATTTCTGTGCGCACCATGGATTGATCGATAATTACGGTCCTCGGAGTGGCTCCCTCTTTGACCAGTGGGGCCAGGGAACCCTGGTCACCGTCTCCTCAGCCT	T	T	T	F	IGH	IGHV2-5*02	IGHD3-3*01,IGHD3-3*02,IGHD5-12*01	IGHJ4*02		..........................T...ACGCTGGTGAAACCCACACAGACCCTCACGCTGACCTGCACCTTCTCTGGTTTCTCTCTCAAC......ACTAGAGGGGTGGGTGTGGGCTGGATCCGTCAGCCCCCAGGAAAGGCCCTGGAGTGGCTTTCACTCATTTATTGGGAT.........GGTGCTAAACACTTCAGCCCATCTCTGAGG...AGCAGGCTCACCATCACCAAGGACACCTCCAAAAGCCAGGTGGTCCTTTCAATGACCAACATGGCCCCTGTGGACACAGCCACATATTTCTGTGCGCACCATGGATTGATCGATAATTACGGTCCTCGGAGTGGCTCCCTCTTTGACCAGTGGGGCCAGGGAACCCTGGTCACCGTCTCCTCAG	CAGATCACCTTGAAGGAGTCTGGTCCT...ACGCTGGTGAAACCCACACAGACCCTCACGCTGACCTGCACCTTCTCTGGGTTCTCACTCAGC......ACTAGTGGAGTGGGTGTGGGCTGGATCCGTCAGCCCCCAGGAAAGGCCCTGGAGTGGCTTGCACTCATTTATTGGGAT.........GATGATAAGCGCTACAGCCCATCTCTGAAG...AGCAGGCTCACCATCACCAAGGACACCTCCAAAAACCAGGTGGTCCTTACAATGACCAACATGGACCCTGTGGACACAGCCACATATTACTGTGCACACNNNNNNNNNNNNNNNNNNNNNNNNNNNNGGAGTGGNNNNNNCTTTGACTACTGGGGCCAGGGAACCCTGGTCACCGTCTCCTCAG	TGTGCGCACCATGGATTGATCGATAATTACGGTCCTCGGAGTGGCTCCCTCTTTGACCAGTGG	CAHHGLIDNYGPRSGSLFDQW	GGTTTCTCTCTCAAC......ACTAGAGGGGTGGGT	ATTTATTGGGAT.........GGTGCTAAA	GCGCACCATGGATTGATCGATAATTACGGTCCTCGGAGTGGCTCCCTCTTTGACCAG	..........................T...ACGCTGGTGAAACCCACACAGACCCTCACGCTGACCTGCACCTTCTCT	GTGGGCTGGATCCGTCAGCCCCCAGGAAAGGCCCTGGAGTGGCTTTCACTC	CACTTCAGCCCATCTCTGAGG...AGCAGGCTCACCATCACCAAGGACACCTCCAAAAGCCAGGTGGTCCTTTCAATGACCAACATGGCCCCTGTGGACACAGCCACATATTTCTGT	TGGGGCCAGGGAACCCTGGTCACCGTCTCCTCAG	371	0.93727	1.1999999999999999e-104	26N51=1X5=1X4=1X6=1X2=1X51=1X18=1X2=1X3=1X1=1X2=1X14=1X35=1X13=1X15=1X23=1X6=1X3=	14.1	1	13	299S14N7=	73.7	0.95455	2.6500000000000002e-17	312S4N7=1X1=1X34=	1	271	1	318	300	306	15	21	313	356	5	48	63	28	6	3	3	IGHG,20100505_IGHV_left_3	IGHG	20100505_IGHV_left_3	SRR1383456	M4	human	IG
1GGATCCTGCCAGACG,1GGATCCTGCCAGACG	GGGCTGAGGTGAAGAAGCCTGGGGCCTCAGTGAAGGTCTCCTGCAAGGCCTCTGGATACACCTTCACCAGTTATGATGTCACCTGGGTGCGACAGGCCCCTGGACAAGGGCTTGAGTGGATGGGATGGATGAACCCTGACAGTGGTAATATAGGATATGCACAGAAGTTCCAGGGCAGAGTCATCATGACCAGGAGTACCTCCATAAGCACAGCATACATGGAGCTGACCAGCCTGAGATCTGAGGACACGGCCGTGTATTATTGTGCGAGACGTCGACAGTATTACTATGGTTCGGGGGACTACTGGGGCCAGGGAACCCTGGTCACCGTCTCCTCAGCCT	T	T	T	F	IGH	IGHV1-8*01	IGHD3-10*01	IGHJ4*02		......................GGGCT...GAGGTGAAGAAGCCTGGGGCCTCAGTGAAGGTCTCCTGCAAGGCCTCTGGATACACCTTC............ACCAGTTATGATGTCACCTGGGTGCGACAGGCCCCTGGACAAGGGCTTGAGTGGATGGGATGGATGAACCCTGAC......AGTGGTAATATAGGATATGCACAGAAGTTCCAG...GGCAGAGTCATCATGACCAGGAGTACCTCCATAAGCACAGCATACATGGAGCTGACCAGCCTGAGATCTGAGGACACGGCCGTGTATTATTGTGCGAGACGTCGACAGTATTACTATGGTTCGGGGGACTACTGGGGCCAGGGAACCCTGGTCACCGTCTCCTCAG	CAGGTGCAGCTGGTGCAGTCTGGGGCT...GAGGTGAAGAAGCCTGGGGCCTCAGTGAAGGTCTCCTGCAAGGCTTCTGGATACACCTTC............ACCAGTTATGATATCAACTGGGTGCGACAGGCCACTGGACAAGGGCTTGAGTGGATGGGATGGATGAACCCTAAC......AGTGGTAACACAGGCTATGCACAGAAGTTCCAG...GGCAGAGTCACCATGACCAGGAACACCTCCATAAGCACAGCCTACATGGAGCTGAGCAGCCTGAGATCTGAGGACACGGCCGTGTATTACTGTGCGAGANNNNNNNNGTATTACTATGGTTCGGGGGACTACTGGGGCCAGGGAACCCTGGTCACCGTCTCCTCAG	TGTGCGAGACGTCGACAGTATTACTATGGTTCGGGGGACTACTGG	CARRRQYYYGSGDYW	GGATACACCTTC............ACCAGTTATGAT	ATGAACCCTGAC......AGTGGTAATATA	GCGAGACGTCGACAGTATTACTATGGTTCGGGGGACTAC	......................GGGCT...GAGGTGAAGAAGCCTGGGGCCTCAGTGAAGGTCTCCTGCAAGGCCTCT	GTCACCTGGGTGCGACAGGCCCCTGGACAAGGGCTTGAGTGGATGGGATGG	GGATATGCACAGAAGTTCCAG...GGCAGAGTCATCATGACCAGGAGTACCTCCATAAGCACAGCATACATGGAGCTGACCAGCCTGAGATCTGAGGACACGGCCGTGTATTATTGT	TGGGGCCAGGGAACCCTGGTCACCGTCTCCTCAG	382	0.94853	5.9300000000000005e-108	22N49=1X27=1X3=1X16=1X38=1X10=1X1=1X3=1X28=1X11=2X17=1X13=1X33=1X9=	37.2	1	1.4299999999999999e-6	280S19=	77.6	1	1.75e-18	299S8N40=	1	272	1	318	281	299	1	19	300	339	9	48	45	8	0	2	2	IGHG,20100505_IGHV_left_14	IGHG	20100505_IGHV_left_14	SRR1383456	M4	human	IG
1TATATGCCTTTCTGA,1TATATGCCTTTCTGA	GGGGAGGCTTGGTCCAGCCTGGGGGGTCCCTGAGACTCTCCTGTGCAGCCTCTGGATTAACCCTTAGTAGCTATTGGATGAGCTGGGTCCGCCAGGCTCCAGGGAAGGGGCTGGAGTGGGTGGCCAACATAAAGCAAGATGGAAGTGAGAAATACTATGTGGACTCTGTGAAGGGCCGATTCACCATCTCCAGAGACAACGCCAAGAACTCACTGTTTCTGCAAATGAACAGCCTGAGAGCCGAGGACACGGCTGTGTATTACTGTGCGGCAGACACGAGGGCAATGACTGTATTCTACTGGGGCCAGGGAACCCTGGTCACCGTCTCCTCAGGGA	T	T	T	F	IGH	IGHV3-7*01	IGHD2-21*02,IGHD3-9*01	IGHJ4*02		......................GGGGA...GGCTTGGTCCAGCCTGGGGGGTCCCTGAGACTCTCCTGTGCAGCCTCTGGATTAACCCTT............AGTAGCTATTGGATGAGCTGGGTCCGCCAGGCTCCAGGGAAGGGGCTGGAGTGGGTGGCCAACATAAAGCAAGAT......GGAAGTGAGAAATACTATGTGGACTCTGTGAAG...GGCCGATTCACCATCTCCAGAGACAACGCCAAGAACTCACTGTTTCTGCAAATGAACAGCCTGAGAGCCGAGGACACGGCTGTGTATTACTGTGCGGCAGACACGAGGGCAATGACTGTATTCTACTGGGGCCAGGGAACCCTGGTCACCGTCTCCTCAG	GAGGTGCAGCTGGTGGAGTCTGGGGGA...GGCTTGGTCCAGCCTGGGGGGTCCCTGAGACTCTCCTGTGCAGCCTCTGGATTCACCTTT............AGTAGCTATTGGATGAGCTGGGTCCGCCAGGCTCCAGGGAAGGGGCTGGAGTGGGTGGCCAACATAAAGCAAGAT......GGAAGTGAGAAATACTATGTGGACTCTGTGAAG...GGCCGATTCACCATCTCCAGAGACAACGCCAAGAACTCACTGTATCTGCAAATGAACAGCCTGAGAGCCGAGGACACGGCTGTGTATTACTGTGCGAGAGANNNNNNNNNNNTGACTGNNNNCTACTGGGGCCAGGGAACCCTGGTCACCGTCTCCTCAG	TGTGCGGCAGACACGAGGGCAATGACTGTATTCTACTGG	CAADTRAMTVFYW	GGATTAACCCTT............AGTAGCTATTGG	ATAAAGCAAGAT......GGAAGTGAGAAA	GCGGCAGACACGAGGGCAATGACTGTATTCTAC	......................GGGGA...GGCTTGGTCCAGCCTGGGGGGTCCCTGAGACTCTCCTGTGCAGCCTCT	ATGAGCTGGGTCCGCCAGGCTCCAGGGAAGGGGCTGGAGTGGGTGGCCAAC	TACTATGTGGACTCTGTGAAG...GGCCGATTCACCATCTCCAGAGACAACGCCAAGAACTCACTGTTTCTGCAAATGAACAGCCTGAGAGCCGAGGACACGGCTGTGTATTACTGT	TGGGGCCAGGGAACCCTGGTCACCGTCTCCTCAG	413	0.98175	2.42e-117	22N58=1X3=1X153=1X52=2X3=	12.2	1	47	285S15N6=	73.7	1	2.47e-17	295S10N38=	1	274	1	320	286	291	16	21	296	333	11	48	39	11	4	3	2	IGHM,20100505_IGHV_left_14	IGHM	20100505_IGHV_left_14	SRR1383456	M4	human	IG
1TTTTCTCTGGGTGTT,1TTTTCTCTGGGTGTT	GGGAGGCTTGGTCCAGCCTGGGGGGTCCCTGAGACTCTCCTGTGCAGCCTCTGGATTAACCCTTAGTAGCTATTGGATGAGCTGGGTCCGCCAGGCTCCAGGGAAGGGGCTGGAGTGGGTGGCCAACATAAAGCAAGATGGAAGTGAGAAATACTATGTGGACTCTGTNAAGGGCCGATTCACCATCTCCAGAGACAACGCCAAGAACTCACTGTTTCTGCAAATGAACAGCCTGAGAGCCGAGGACACGGCTGTGTATTACTGTGCGGCAGACACGAGGGCAATGACTGTATTCTACTGGGGCCAGGGAACCCTGGTCACCGTCTCCTCAGGGA	T	T	T	F	IGH	IGHV3-7*01	IGHD2-21*02,IGHD3-9*01	IGHJ4*02		.......................GGGA...GGCTTGGTCCAGCCTGGGGGGTCCCTGAGACTCTCCTGTGCAGCCTCTGGATTAACCCTT............AGTAGCTATTGGATGAGCTGGGTCCGCCAGGCTCCAGGGAAGGGGCTGGAGTGGGTGGCCAACATAAAGCAAGAT......GGAAGTGAGAAATACTATGTGGACTCTGTNAAG...GGCCGATTCACCATCTCCAGAGACAACGCCAAGAACTCACTGTTTCTGCAAATGAACAGCCTGAGAGCCGAGGACACGGCTGTGTATTACTGTGCGGCAGACACGAGGGCAATGACTGTATTCTACTGGGGCCAGGGAACCCTGGTCACCGTCTCCTCAG	GAGGTGCAGCTGGTGGAGTCTGGGGGA...GGCTTGGTCCAGCCTGGGGGGTCCCTGAGACTCTCCTGTGCAGCCTCTGGATTCACCTTT............AGTAGCTATTGGATGAGCTGGGTCCGCCAGGCTCCAGGGAAGGGGCTGGAGTGGGTGGCCAACATAAAGCAAGAT......GGAAGTGAGAAATACTATGTGGACTCTGTGAAG...GGCCGATTCACCATCTCCAGAGACAACGCCAAGAACTCACTGTATCTGCAAATGAACAGCCTGAGAGCCGAGGACACGGCTGTGTATTACTGTGCGAGAGANNNNNNNNNNNTGACTGNNNNCTACTGGGGCCAGGGAACCCTGGTCACCGTCTCCTCAG	TGTGCGGCAGACACGAGGGCAATGACTGTATTCTACTGG	CAADTRAMTVFYW	GGATTAACCCTT............AGTAGCTATTGG	ATAAAGCAAGAT......GGAAGTGAGAAA	GCGGCAGACACGAGGGCAATGACTGTATTCTAC	.......................GGGA...GGCTTGGTCCAGCCTGGGGGGTCCCTGAGACTCTCCTGTGCAGCCTCT	ATGAGCTGGGTCCGCCAGGCTCCAGGGAAGGGGCTGGAGTGGGTGGCCAAC	TACTATGTGGACTCTGTNAAG...GGCCGATTCACCATCTCCAGAGACAACGCCAAGAACTCACTGTTTCTGCAAATGAACAGCCTGAGAGCCGAGGACACGGCTGTGTATTACTGT	TGGGGCCAGGGAACCCTGGTCACCGTCTCCTCAG	408	0.9780200000000001	6.16e-116	23N57=1X3=1X106=1X46=1X52=2X3=	12.2	1	47	284S15N6=	73.7	1	2.4600000000000002e-17	294S10N38=	1	273	1	320	285	290	16	21	295	332	11	48	39	11	4	2	1	IGHM,20100505_IGHV_left_2	IGHM	20100505_IGHV_left_2	SRR1383456	M4	human	IG
