sequence_id	sequence	rev_comp	productive	v_call	d_call	j_call	sequence_alignment	germline_alignment	junction	junction_aa	v_cigar	d_cigar	j_cigar	stop_codon	vj_in_frame	locus	c_call	junction_length	np1_length	np2_length	v_sequence_start	v_sequence_end	v_germline_start	v_germline_end	d_sequence_start	d_sequence_end	d_germline_start	d_germline_end	j_sequence_start	j_sequence_end	j_germline_start	j_germline_end	v_score	v_identity	v_support	d_score	d_identity	d_support	j_score	j_identity	j_support	fwr1	fwr2	fwr3	fwr4	cdr1	cdr2	cdr3	consensus_count	duplicate_count	prcons	c_primer	v_primer	sample_id	subject_id	species	pcr_target_locus
1ATTGTTGATGCGAGG,1ATTGTTGATGCGAGG	CCCAGGACTGGTGAAGCCTTCACAGACCCTGTCCCTCACCTGCACTGTCTCTGGTGGCTCCATCAGCAGTGGTGATTACTACTGGAGTTGGATCCGCCAGCCCCCAGGGAAGGGCCTGGAGTGGATCGGGTACATCTATTACAGTGGGAGCACCTACCACAACCCGTCCCTCAAGAGTCGAGTAACCATATCAGTAGACACGTCCAAGAACCAGTTCTCCCTGAAGCTGAGGTCTGTGACTGCCGCAGACACGGCCGTGTATTACTGTGCCAGAGGAGAACTGATTATTAATGATGCTTTTGATATCTGGGGCCAAGGGACAATGGTCACCGTCTCTTCAGCCT	T	T	IGHV4-30-2*07,IGHV4-30-4*01	IGHD3-9*01,IGHD3/OR15-3a*01,IGHD3/OR15-3b*01	IGHJ3*02	.......................CCCA...GGACTGGTGAAGCCTTCACAGACCCTGTCCCTCACCTGCACTGTCTCTGGTGGCTCCATCAGC......AGTGGTGATTACTACTGGAGTTGGATCCGCCAGCCCCCAGGGAAGGGCCTGGAGTGGATCGGGTACATCTATTACAGT.........GGGAGCACCTACCACAACCCGTCCCTCAAG...AGTCGAGTAACCATATCAGTAGACACGTCCAAGAACCAGTTCTCCCTGAAGCTGAGGTCTGTGACTGCCGCAGACACGGCCGTGTATTACTGTGCCAGAGGAGAACTGATTATTAATGATGCTTTTGATATCTGGGGCCAAGGGACAATGGTCACCGTCTCTTCAG	CAGGTGCAGCTGCAGGAGTCGGGCCCA...GGACTGGTGAAGCCTTCACAGACCCTGTCCCTCACCTGCACTGTCTCTGGTGGCTCCATCAGC......AGTGGTGATTACTACTGGAGTTGGATCCGCCAGCCCCCAGGGAAGGGCCTGGAGTGGATTGGGTACATCTATTACAGT.........GGGAGCACCTACTACAACCCGTCCCTCAAG...AGTCGAGTTACCATATCAGTAGACACGTCCAAGAACCAGTTCTCCCTGAAGCTGAGCTCTGTGACTGCCGCAGACACGGCCGTGTATTACTGTGCCAGAGNNNNACTGGTTATTANTGATGCTTTTGATATCTGGGGCCAAGGGACAATGGTCACCGTCTCTTCAG	TGTGCCAGAGGAGAACTGATTATTAATGATGCTTTTGATATCTGG	CARGELIINDAFDIW	23N126=1X30=1X25=1X47=1X43=	279S16N4=1X6=	291S50=	F	T	IGH		45	4	1	1	275	1	319	280	290	17	27	292	341	1	50	417.0	0.98545	9.73e-119	16.1	0.9090900000000001	3.4	96.8	1.0	2.87e-24	.......................CCCA...GGACTGGTGAAGCCTTCACAGACCCTGTCCCTCACCTGCACTGTCTCT	TGGAGTTGGATCCGCCAGCCCCCAGGGAAGGGCCTGGAGTGGATCGGGTAC	TACCACAACCCGTCCCTCAAG...AGTCGAGTAACCATATCAGTAGACACGTCCAAGAACCAGTTCTCCCTGAAGCTGAGGTCTGTGACTGCCGCAGACACGGCCGTGTATTACTGT	TGGGGCCAAGGGACAATGGTCACCGTCTCTTCAG	GGTGGCTCCATCAGC......AGTGGTGATTACTAC	ATCTATTACAGT.........GGGAGCACC	GCCAGAGGAGAACTGATTATTAATGATGCTTTTGATATC	3	1	IGHG,20100505_IGHV_left_2	IGHG	20100505_IGHV_left_2	SRR1383456	M4	human	IG
1GGTCACAGGTTTAGT,1GGTCACAGGTTTAGT	GGGCTGAGGTGAAGAAGCCTGGGGCCTCAGTGAAGGTCTCCTGCAAGGCCTCTGGATACACCTTCACCAGTTATGATGTCACCTGGGTGCGACAGGCCCCTGGACAAGGGCTTGAGTGGATGGGATGGATGAACCCTGACAGTGGTAATATAGGATATGCACAGAAGTTCCAGGGCAGAGTCATCATGACCAGGAGTACCTCCATAAGCACAGCATACATGGAGCTGACCAGCCTGAGATCTGAGGACACGGCCGTGTATTATTGTGCGAGACGTCGACAGTATTACTATGGTTCGGGGGACTACTGGGGCCAGGGAACCCTGGTCACCGTCTCCTCAGCCT	T	T	IGHV1-8*01	IGHD3-10*01	IGHJ4*02	......................GGGCT...GAGGTGAAGAAGCCTGGGGCCTCAGTGAAGGTCTCCTGCAAGGCCTCTGGATACACCTTC............ACCAGTTATGATGTCACCTGGGTGCGACAGGCCCCTGGACAAGGGCTTGAGTGGATGGGATGGATGAACCCTGAC......AGTGGTAATATAGGATATGCACAGAAGTTCCAG...GGCAGAGTCATCATGACCAGGAGTACCTCCATAAGCACAGCATACATGGAGCTGACCAGCCTGAGATCTGAGGACACGGCCGTGTATTATTGTGCGAGACGTCGACAGTATTACTATGGTTCGGGGGACTACTGGGGCCAGGGAACCCTGGTCACCGTCTCCTCAG	CAGGTGCAGCTGGTGCAGTCTGGGGCT...GAGGTGAAGAAGCCTGGGGCCTCAGTGAAGGTCTCCTGCAAGGCTTCTGGATACACCTTC............ACCAGTTATGATATCAACTGGGTGCGACAGGCCACTGGACAAGGGCTTGAGTGGATGGGATGGATGAACCCTAAC......AGTGGTAACACAGGCTATGCACAGAAGTTCCAG...GGCAGAGTCACCATGACCAGGAACACCTCCATAAGCACAGCCTACATGGAGCTGAGCAGCCTGAGATCTGAGGACACGGCCGTGTATTACTGTGCGAGANNNNNNNNGTATTACTATGGTTCGGGGGACTACTGGGGCCAGGGAACCCTGGTCACCGTCTCCTCAG	TGTGCGAGACGTCGACAGTATTACTATGGTTCGGGGGACTACTGG	CARRRQYYYGSGDYW	22N49=1X27=1X3=1X16=1X38=1X10=1X1=1X3=1X28=1X11=2X17=1X13=1X33=1X9=	280S19=	299S8N40=	F	T	IGH		45	8	0	1	272	1	318	281	299	1	19	300	339	9	48	382.0	0.94853	5.93e-108	37.2	1.0	1.43e-06	77.6	1.0	1.75e-18	......................GGGCT...GAGGTGAAGAAGCCTGGGGCCTCAGTGAAGGTCTCCTGCAAGGCCTCT	GTCACCTGGGTGCGACAGGCCCCTGGACAAGGGCTTGAGTGGATGGGATGG	GGATATGCACAGAAGTTCCAG...GGCAGAGTCATCATGACCAGGAGTACCTCCATAAGCACAGCATACATGGAGCTGACCAGCCTGAGATCTGAGGACACGGCCGTGTATTATTGT	TGGGGCCAGGGAACCCTGGTCACCGTCTCCTCAG	GGATACACCTTC............ACCAGTTATGAT	ATGAACCCTGAC......AGTGGTAATATA	GCGAGACGTCGACAGTATTACTATGGTTCGGGGGACTAC	3	1	IGHG,20100505_IGHV_left_26	IGHG	20100505_IGHV_left_26	SRR1383456	M4	human	IG
1GACAATCTAGCCATG,1GACAATCTAGCCATG	GGCCCAGGACTGGTGAAGCCTTCGGGGACCCTGTCCCTCACTTGCGTTGTCTCTGGTGGCTCCATCAGTAGTAATAACTGCTGGAGTTGGGTCCGCCAGCCCCCAGGGAAGGGGCTGGAGTGGATTGGGGAAATCTTTCAAAGTGGGAGCACCAACTACAACCCGTCCCTCAAGAGTCGAGTCACCATATCAGTGGACAAGCCCAAGAATCAGTTCTCCCTGAATTTGACCTCTGTGACCGCCGCGGACACGGCCGTGTATTACTGTGCGACGGCTTCAGTGGCTGGTACGGTGATAGACTACTGGGGCCAGGGAATCCTGGTCACCGTCTCCTCAGCCT	T	T	IGHV4-4*02	IGHD6-19*01	IGHJ4*02	.....................GGCCCA...GGACTGGTGAAGCCTTCGGGGACCCTGTCCCTCACTTGCGTTGTCTCTGGTGGCTCCATCAGT.........AGTAATAACTGCTGGAGTTGGGTCCGCCAGCCCCCAGGGAAGGGGCTGGAGTGGATTGGGGAAATCTTTCAAAGT.........GGGAGCACCAACTACAACCCGTCCCTCAAG...AGTCGAGTCACCATATCAGTGGACAAGCCCAAGAATCAGTTCTCCCTGAATTTGACCTCTGTGACCGCCGCGGACACGGCCGTGTATTACTGTGCGACGGCTTCAGTGGCTGGTACGGTGATAGACTACTGGGGCCAGGGAATCCTGGTCACCGTCTCCTCAG	CAGGTGCAGCTGCAGGAGTCGGGCCCA...GGACTGGTGAAGCCTTCGGGGACCCTGTCCCTCACCTGCGCTGTCTCTGGTGGCTCCATCAGC.........AGTAGTAACTGGTGGAGTTGGGTCCGCCAGCCCCCAGGGAAGGGGCTGGAGTGGATTGGGGAAATCTATCATAGT.........GGGAGCACCAACTACAACCCGTCCCTCAAG...AGTCGAGTCACCATATCAGTAGACAAGTCCAAGAACCAGTTCTCCCTGAAGCTGAGCTCTGTGACCGCCGCGGACACGGCCGTGTATTACTGTGCGANNNNNNCAGTGGCTGGTACNNNNNNNGACTACTGGGGCCAGGGAACCCTGGTCACCGTCTCCTCAG	TGTGCGACGGCTTCAGTGGCTGGTACGGTGATAGACTACTGG	CATASVAGTVIDYW	21N41=1X4=1X21=1X4=1X6=1X55=1X3=1X53=1X6=1X7=1X14=2X3=1X41=	277S8N13=	297S8N19=1X20=	F	T	IGH		42	6	7	1	271	1	316	278	290	9	21	298	337	9	48	383.0	0.95203	2e-108	25.7	1.0	0.004	71.8	0.975	9.49e-17	.....................GGCCCA...GGACTGGTGAAGCCTTCGGGGACCCTGTCCCTCACTTGCGTTGTCTCT	TGGAGTTGGGTCCGCCAGCCCCCAGGGAAGGGGCTGGAGTGGATTGGGGAA	AACTACAACCCGTCCCTCAAG...AGTCGAGTCACCATATCAGTGGACAAGCCCAAGAATCAGTTCTCCCTGAATTTGACCTCTGTGACCGCCGCGGACACGGCCGTGTATTACTGT	TGGGGCCAGGGAATCCTGGTCACCGTCTCCTCAG	GGTGGCTCCATCAGT.........AGTAATAACTGC	ATCTTTCAAAGT.........GGGAGCACC	GCGACGGCTTCAGTGGCTGGTACGGTGATAGACTAC	5	1	IGHD,20100505_IGHV_left_35	IGHD	20100505_IGHV_left_35	SRR1383456	M4	human	IG
1GGACCGTGCCATACG,1GGACCGTGCCATACG	GGAGGCTTGGTCCAGCCTGGGGGGTCCCTGAGACTCTCCTGTGCAGCCTCTGGATTAACCCTTAGTAGCTATTGGATGAGCTGGGTCCGCCAGGCTCCAGGGAAGGGGCTGGAGTGGGTGGCCAACATAAAGCAAGATGGAAGTGAGAAATACTATGTGGACTCTGTGAAGGGCCGATTCACCATCTCCAGAGACAACGCCAAGAACTCACTGTTTCTGCAAATGAACAGCCTGAGAGCCGAGGACACGGCTGTGTATTACTGTGCGGCAGACACGAGGGCAATGACTGTATTCTACTGGGGCCAGGGAACCCTGGTCACCGTCTCCTCAGGGA	T	T	IGHV3-7*01	IGHD2-21*02,IGHD3-9*01	IGHJ4*02	........................GGA...GGCTTGGTCCAGCCTGGGGGGTCCCTGAGACTCTCCTGTGCAGCCTCTGGATTAACCCTT............AGTAGCTATTGGATGAGCTGGGTCCGCCAGGCTCCAGGGAAGGGGCTGGAGTGGGTGGCCAACATAAAGCAAGAT......GGAAGTGAGAAATACTATGTGGACTCTGTGAAG...GGCCGATTCACCATCTCCAGAGACAACGCCAAGAACTCACTGTTTCTGCAAATGAACAGCCTGAGAGCCGAGGACACGGCTGTGTATTACTGTGCGGCAGACACGAGGGCAATGACTGTATTCTACTGGGGCCAGGGAACCCTGGTCACCGTCTCCTCAG	GAGGTGCAGCTGGTGGAGTCTGGGGGA...GGCTTGGTCCAGCCTGGGGGGTCCCTGAGACTCTCCTGTGCAGCCTCTGGATTCACCTTT............AGTAGCTATTGGATGAGCTGGGTCCGCCAGGCTCCAGGGAAGGGGCTGGAGTGGGTGGCCAACATAAAGCAAGAT......GGAAGTGAGAAATACTATGTGGACTCTGTGAAG...GGCCGATTCACCATCTCCAGAGACAACGCCAAGAACTCACTGTATCTGCAAATGAACAGCCTGAGAGCCGAGGACACGGCTGTGTATTACTGTGCGAGAGANNNNNNNNNNNTGACTGNNNNCTACTGGGGCCAGGGAACCCTGGTCACCGTCTCCTCAG	TGTGCGGCAGACACGAGGGCAATGACTGTATTCTACTGG	CAADTRAMTVFYW	24N56=1X3=1X153=1X52=2X3=	283S15N6=	293S10N38=	F	T	IGH		39	11	4	1	272	1	320	284	289	16	21	294	331	11	48	410.0	0.98162	2.09e-116	12.2	1.0	47.0	73.7	1.0	2.46e-17	........................GGA...GGCTTGGTCCAGCCTGGGGGGTCCCTGAGACTCTCCTGTGCAGCCTCT	ATGAGCTGGGTCCGCCAGGCTCCAGGGAAGGGGCTGGAGTGGGTGGCCAAC	TACTATGTGGACTCTGTGAAG...GGCCGATTCACCATCTCCAGAGACAACGCCAAGAACTCACTGTTTCTGCAAATGAACAGCCTGAGAGCCGAGGACACGGCTGTGTATTACTGT	TGGGGCCAGGGAACCCTGGTCACCGTCTCCTCAG	GGATTAACCCTT............AGTAGCTATTGG	ATAAAGCAAGAT......GGAAGTGAGAAA	GCGGCAGACACGAGGGCAATGACTGTATTCTAC	2	2	IGHM,20100505_IGHV_left_12	IGHM	20100505_IGHV_left_12	SRR1383456	M4	human	IG
1CCATTTGTTTTACAT,1CCATTTGTTTTACAT	TACGCTGGTGAAACCCACACAGACCCTCACGCTGACCTGCACCTTCTCTGGTTTCTCTCTCAACACTAGAGGGGTGGGTGTGGGCTGGATCCGTCAGCCCCCAGGAAAGGCCCTGGAGTGGCTTTCACTCATTTATTGGGATGGTGCTAAACACTTCAGCCCATCTCTGAGGAGCAGGCTCACCATCACCAAGGACACCTCCAAAAGCCAGGTGGTCCTTTCAATGACCAACATGGCCCCTGTGGACACAGCCACATATTTCTGTGCGCACCATGGATTGATCGATAATTACGGTCCTCGGAGTGGCTCCCTCTTTGACCAGTGGGGCCAGGGAACCCTGGTCACCGTCTCCTCAGCCT	T	T	IGHV2-5*02	IGHD3-3*01,IGHD3-3*02,IGHD5-12*01	IGHJ4*02	..........................T...ACGCTGGTGAAACCCACACAGACCCTCACGCTGACCTGCACCTTCTCTGGTTTCTCTCTCAAC......ACTAGAGGGGTGGGTGTGGGCTGGATCCGTCAGCCCCCAGGAAAGGCCCTGGAGTGGCTTTCACTCATTTATTGGGAT.........GGTGCTAAACACTTCAGCCCATCTCTGAGG...AGCAGGCTCACCATCACCAAGGACACCTCCAAAAGCCAGGTGGTCCTTTCAATGACCAACATGGCCCCTGTGGACACAGCCACATATTTCTGTGCGCACCATGGATTGATCGATAATTACGGTCCTCGGAGTGGCTCCCTCTTTGACCAGTGGGGCCAGGGAACCCTGGTCACCGTCTCCTCAG	CAGATCACCTTGAAGGAGTCTGGTCCT...ACGCTGGTGAAACCCACACAGACCCTCACGCTGACCTGCACCTTCTCTGGGTTCTCACTCAGC......ACTAGTGGAGTGGGTGTGGGCTGGATCCGTCAGCCCCCAGGAAAGGCCCTGGAGTGGCTTGCACTCATTTATTGGGAT.........GATGATAAGCGCTACAGCCCATCTCTGAAG...AGCAGGCTCACCATCACCAAGGACACCTCCAAAAACCAGGTGGTCCTTACAATGACCAACATGGACCCTGTGGACACAGCCACATATTACTGTGCACACNNNNNNNNNNNNNNNNNNNNNNNNNNNNGGAGTGGNNNNNNCTTTGACTACTGGGGCCAGGGAACCCTGGTCACCGTCTCCTCAG	TGTGCGCACCATGGATTGATCGATAATTACGGTCCTCGGAGTGGCTCCCTCTTTGACCAGTGG	CAHHGLIDNYGPRSGSLFDQW	26N51=1X5=1X4=1X6=1X2=1X51=1X18=1X2=1X3=1X1=1X2=1X14=1X35=1X13=1X15=1X23=1X6=1X3=	299S14N7=	312S4N7=1X1=1X34=	F	T	IGH		63	28	6	1	271	1	318	300	306	15	21	313	356	5	48	371.0	0.93727	1.2e-104	14.1	1.0	13.0	73.7	0.95455	2.65e-17	..........................T...ACGCTGGTGAAACCCACACAGACCCTCACGCTGACCTGCACCTTCTCT	GTGGGCTGGATCCGTCAGCCCCCAGGAAAGGCCCTGGAGTGGCTTTCACTC	CACTTCAGCCCATCTCTGAGG...AGCAGGCTCACCATCACCAAGGACACCTCCAAAAGCCAGGTGGTCCTTTCAATGACCAACATGGCCCCTGTGGACACAGCCACATATTTCTGT	TGGGGCCAGGGAACCCTGGTCACCGTCTCCTCAG	GGTTTCTCTCTCAAC......ACTAGAGGGGTGGGT	ATTTATTGGGAT.........GGTGCTAAA	GCGCACCATGGATTGATCGATAATTACGGTCCTCGGAGTGGCTCCCTCTTTGACCAG	3	3	IGHG,20100505_IGHV_left_44	IGHG	20100505_IGHV_left_44	SRR1383456	M4	human	IG
1GACATCATCGAATTG,1GACATCATCGAATTG	TACGCTGGTGAAACCCACACAGACCCTCACGCTGACCTGCACCTTCTCTGGTTTCTCTCTCAACACTAGAGGGGTGGGTGTGGGCTGGATCCGTCAGCCCCCAGGAAAGGCCCTGGAGTGGCTTTCACTCATTTATTGGGATGGTGCTAAACACTTCAGCCCATCTCTGAGGAGCAGGCTCACCATCACCAAGGACACCTCCAAAAGCCAGGTGGTCCTTTCAATGACCAACATGGCCCCTGTGGACACAGCCACATATTTCTGTGCGCACCATGGATTGATCGATAATTACGGTCCTCGGAGTGGCTCCCTCTTTGACCAGTGGGGCCAGGGAACCCTGGTCACCGTCTCCTCAGCCC	T	T	IGHV2-5*02	IGHD3-3*01,IGHD3-3*02,IGHD5-12*01	IGHJ4*02	..........................T...ACGCTGGTGAAACCCACACAGACCCTCACGCTGACCTGCACCTTCTCTGGTTTCTCTCTCAAC......ACTAGAGGGGTGGGTGTGGGCTGGATCCGTCAGCCCCCAGGAAAGGCCCTGGAGTGGCTTTCACTCATTTATTGGGAT.........GGTGCTAAACACTTCAGCCCATCTCTGAGG...AGCAGGCTCACCATCACCAAGGACACCTCCAAAAGCCAGGTGGTCCTTTCAATGACCAACATGGCCCCTGTGGACACAGCCACATATTTCTGTGCGCACCATGGATTGATCGATAATTACGGTCCTCGGAGTGGCTCCCTCTTTGACCAGTGGGGCCAGGGAACCCTGGTCACCGTCTCCTCAG	CAGATCACCTTGAAGGAGTCTGGTCCT...ACGCTGGTGAAACCCACACAGACCCTCACGCTGACCTGCACCTTCTCTGGGTTCTCACTCAGC......ACTAGTGGAGTGGGTGTGGGCTGGATCCGTCAGCCCCCAGGAAAGGCCCTGGAGTGGCTTGCACTCATTTATTGGGAT.........GATGATAAGCGCTACAGCCCATCTCTGAAG...AGCAGGCTCACCATCACCAAGGACACCTCCAAAAACCAGGTGGTCCTTACAATGACCAACATGGACCCTGTGGACACAGCCACATATTACTGTGCACACNNNNNNNNNNNNNNNNNNNNNNNNNNNNGGAGTGGNNNNNNCTTTGACTACTGGGGCCAGGGAACCCTGGTCACCGTCTCCTCAG	TGTGCGCACCATGGATTGATCGATAATTACGGTCCTCGGAGTGGCTCCCTCTTTGACCAGTGG	CAHHGLIDNYGPRSGSLFDQW	26N51=1X5=1X4=1X6=1X2=1X51=1X18=1X2=1X3=1X1=1X2=1X14=1X35=1X13=1X15=1X23=1X6=1X3=	299S14N7=	312S4N7=1X1=1X34=	F	T	IGH		63	28	6	1	271	1	318	300	306	15	21	313	356	5	48	371.0	0.93727	1.2e-104	14.1	1.0	13.0	73.7	0.95455	2.65e-17	..........................T...ACGCTGGTGAAACCCACACAGACCCTCACGCTGACCTGCACCTTCTCT	GTGGGCTGGATCCGTCAGCCCCCAGGAAAGGCCCTGGAGTGGCTTTCACTC	CACTTCAGCCCATCTCTGAGG...AGCAGGCTCACCATCACCAAGGACACCTCCAAAAGCCAGGTGGTCCTTTCAATGACCAACATGGCCCCTGTGGACACAGCCACATATTTCTGT	TGGGGCCAGGGAACCCTGGTCACCGTCTCCTCAG	GGTTTCTCTCTCAAC......ACTAGAGGGGTGGGT	ATTTATTGGGAT.........GGTGCTAAA	GCGCACCATGGATTGATCGATAATTACGGTCCTCGGAGTGGCTCCCTCTTTGACCAG	2	1	IGHG,20100505_IGHV_left_44	IGHG	20100505_IGHV_left_44	SRR1383456	M4	human	IG
1GTATCCGGCCAGACG,1GTATCCGGCCAGACG	GGCTGAGGTGAAGAAGCCTGGGGCCTCAGTGAAGGTCTCCTGCAAGGCCTCTGGATACACCTTCACCAGTTATGATGTCACCTGGGTGCGACAGGCCCCTGGACAAGGGCTTGAGTGGATGGGATGGATGAACCCTGACAGTGGTAATATAGGATATGCACAGAAGTTCCAGGGCAGAGTCATCATGACCAGGAGTACCTCCATAAGCACAGCATACATGGAGCTGACCAGCCTGAGATCTGAGGACACGGCCGTGTATTATTGTGCGAGACGTCGACAGTATTACTATGGTTCGGGGGACTACTGGGGCCAGGGAACCCTGGTCACCGTCTCCTCAGCCT	T	T	IGHV1-8*01	IGHD3-10*01	IGHJ4*02	.......................GGCT...GAGGTGAAGAAGCCTGGGGCCTCAGTGAAGGTCTCCTGCAAGGCCTCTGGATACACCTTC............ACCAGTTATGATGTCACCTGGGTGCGACAGGCCCCTGGACAAGGGCTTGAGTGGATGGGATGGATGAACCCTGAC......AGTGGTAATATAGGATATGCACAGAAGTTCCAG...GGCAGAGTCATCATGACCAGGAGTACCTCCATAAGCACAGCATACATGGAGCTGACCAGCCTGAGATCTGAGGACACGGCCGTGTATTATTGTGCGAGACGTCGACAGTATTACTATGGTTCGGGGGACTACTGGGGCCAGGGAACCCTGGTCACCGTCTCCTCAG	CAGGTGCAGCTGGTGCAGTCTGGGGCT...GAGGTGAAGAAGCCTGGGGCCTCAGTGAAGGTCTCCTGCAAGGCTTCTGGATACACCTTC............ACCAGTTATGATATCAACTGGGTGCGACAGGCCACTGGACAAGGGCTTGAGTGGATGGGATGGATGAACCCTAAC......AGTGGTAACACAGGCTATGCACAGAAGTTCCAG...GGCAGAGTCACCATGACCAGGAACACCTCCATAAGCACAGCCTACATGGAGCTGAGCAGCCTGAGATCTGAGGACACGGCCGTGTATTACTGTGCGAGANNNNNNNNGTATTACTATGGTTCGGGGGACTACTGGGGCCAGGGAACCCTGGTCACCGTCTCCTCAG	TGTGCGAGACGTCGACAGTATTACTATGGTTCGGGGGACTACTGG	CARRRQYYYGSGDYW	23N48=1X27=1X3=1X16=1X38=1X10=1X1=1X3=1X28=1X11=2X17=1X13=1X33=1X9=	279S19=	298S8N40=	F	T	IGH		45	8	0	1	271	1	318	280	298	1	19	299	338	9	48	380.0	0.9483400000000001	1.74e-107	37.2	1.0	1.43e-06	77.6	1.0	1.75e-18	.......................GGCT...GAGGTGAAGAAGCCTGGGGCCTCAGTGAAGGTCTCCTGCAAGGCCTCT	GTCACCTGGGTGCGACAGGCCCCTGGACAAGGGCTTGAGTGGATGGGATGG	GGATATGCACAGAAGTTCCAG...GGCAGAGTCATCATGACCAGGAGTACCTCCATAAGCACAGCATACATGGAGCTGACCAGCCTGAGATCTGAGGACACGGCCGTGTATTATTGT	TGGGGCCAGGGAACCCTGGTCACCGTCTCCTCAG	GGATACACCTTC............ACCAGTTATGAT	ATGAACCCTGAC......AGTGGTAATATA	GCGAGACGTCGACAGTATTACTATGGTTCGGGGGACTAC	2	2	IGHG,20100505_IGHV_left_2	IGHG	20100505_IGHV_left_2	SRR1383456	M4	human	IG
1TTCAGTTCCACAGTC,1TTCAGTTCCACAGTC	GGCCCAGGACTGGTGAAGCCTTCGGGGACCCTGTCCCTCACTTGCGTTGTCTCTGGTGGCTCCATCAGTAGTAATAACTGCTGGAGTTGGGTCCGCCAGCCCCCAGGGAAGGGGCTGGAGTGGATTGGGGAAATCTTTCAAAGTGGGAGCACCAACTACAACCCGTCCCTCAAGAGTCGAGTCACCATATCAGTGGACAAGCCCAAGAATCAGTTCTCCCTGAATTTGACCTCTGTGACCGCCGCGGACACGGCCGTGTATTACTGTGCGACGGCTTCAGTGGCTGGTACGGTGATAGACTACTGGGGCCAGGGAATCCTGGTCACCGTCTCCTCAGCCT	T	T	IGHV4-4*02	IGHD6-19*01	IGHJ4*02	.....................GGCCCA...GGACTGGTGAAGCCTTCGGGGACCCTGTCCCTCACTTGCGTTGTCTCTGGTGGCTCCATCAGT.........AGTAATAACTGCTGGAGTTGGGTCCGCCAGCCCCCAGGGAAGGGGCTGGAGTGGATTGGGGAAATCTTTCAAAGT.........GGGAGCACCAACTACAACCCGTCCCTCAAG...AGTCGAGTCACCATATCAGTGGACAAGCCCAAGAATCAGTTCTCCCTGAATTTGACCTCTGTGACCGCCGCGGACACGGCCGTGTATTACTGTGCGACGGCTTCAGTGGCTGGTACGGTGATAGACTACTGGGGCCAGGGAATCCTGGTCACCGTCTCCTCAG	CAGGTGCAGCTGCAGGAGTCGGGCCCA...GGACTGGTGAAGCCTTCGGGGACCCTGTCCCTCACCTGCGCTGTCTCTGGTGGCTCCATCAGC.........AGTAGTAACTGGTGGAGTTGGGTCCGCCAGCCCCCAGGGAAGGGGCTGGAGTGGATTGGGGAAATCTATCATAGT.........GGGAGCACCAACTACAACCCGTCCCTCAAG...AGTCGAGTCACCATATCAGTAGACAAGTCCAAGAACCAGTTCTCCCTGAAGCTGAGCTCTGTGACCGCCGCGGACACGGCCGTGTATTACTGTGCGANNNNNNCAGTGGCTGGTACNNNNNNNGACTACTGGGGCCAGGGAACCCTGGTCACCGTCTCCTCAG	TGTGCGACGGCTTCAGTGGCTGGTACGGTGATAGACTACTGG	CATASVAGTVIDYW	21N41=1X4=1X21=1X4=1X6=1X55=1X3=1X53=1X6=1X7=1X14=2X3=1X41=	277S8N13=	297S8N19=1X20=	F	T	IGH		42	6	7	1	271	1	316	278	290	9	21	298	337	9	48	383.0	0.95203	2e-108	25.7	1.0	0.004	71.8	0.975	9.49e-17	.....................GGCCCA...GGACTGGTGAAGCCTTCGGGGACCCTGTCCCTCACTTGCGTTGTCTCT	TGGAGTTGGGTCCGCCAGCCCCCAGGGAAGGGGCTGGAGTGGATTGGGGAA	AACTACAACCCGTCCCTCAAG...AGTCGAGTCACCATATCAGTGGACAAGCCCAAGAATCAGTTCTCCCTGAATTTGACCTCTGTGACCGCCGCGGACACGGCCGTGTATTACTGT	TGGGGCCAGGGAATCCTGGTCACCGTCTCCTCAG	GGTGGCTCCATCAGT.........AGTAATAACTGC	ATCTTTCAAAGT.........GGGAGCACC	GCGACGGCTTCAGTGGCTGGTACGGTGATAGACTAC	3	1	IGHG,20100505_IGHV_left_35	IGHG	20100505_IGHV_left_35	SRR1383456	M4	human	IG
1CAGAACTGGTTGTAA,1CAGAACTGGTTGTAA	GGGAGGCTTGGTCCAGCCTGGGGGGTCCCTGAGACTCTCCTGTGCAGCCTCTGGATTAACCCTTAGTAGCTATTGGATGAGCTGGGTCCGCCAGGCTCCAGGGAAGGGGCTGGAGTGGGTGGCCAACATAAAGCAAGATGGAAGTGAGAAATACTATGTGGACTCTGTGAAGGGCCGATTCACCATCTCCAGAGACAACGCCAAGAACTCACTGTTTCTGCAAATGAACAGCCTGAGAGCCGAGGACACGGCTGTGTATTACTGTGCGGCAGACACGAGGGCAATGACTGTATTCTACTGGGGCCAGGGAACCCTGGTCACCGTCTCCTCAGGGA	T	T	IGHV3-7*01	IGHD2-21*02,IGHD3-9*01	IGHJ4*02	.......................GGGA...GGCTTGGTCCAGCCTGGGGGGTCCCTGAGACTCTCCTGTGCAGCCTCTGGATTAACCCTT............AGTAGCTATTGGATGAGCTGGGTCCGCCAGGCTCCAGGGAAGGGGCTGGAGTGGGTGGCCAACATAAAGCAAGAT......GGAAGTGAGAAATACTATGTGGACTCTGTGAAG...GGCCGATTCACCATCTCCAGAGACAACGCCAAGAACTCACTGTTTCTGCAAATGAACAGCCTGAGAGCCGAGGACACGGCTGTGTATTACTGTGCGGCAGACACGAGGGCAATGACTGTATTCTACTGGGGCCAGGGAACCCTGGTCACCGTCTCCTCAG	GAGGTGCAGCTGGTGGAGTCTGGGGGA...GGCTTGGTCCAGCCTGGGGGGTCCCTGAGACTCTCCTGTGCAGCCTCTGGATTCACCTTT............AGTAGCTATTGGATGAGCTGGGTCCGCCAGGCTCCAGGGAAGGGGCTGGAGTGGGTGGCCAACATAAAGCAAGAT......GGAAGTGAGAAATACTATGTGGACTCTGTGAAG...GGCCGATTCACCATCTCCAGAGACAACGCCAAGAACTCACTGTATCTGCAAATGAACAGCCTGAGAGCCGAGGACACGGCTGTGTATTACTGTGCGAGAGANNNNNNNNNNNTGACTGNNNNCTACTGGGGCCAGGGAACCCTGGTCACCGTCTCCTCAG	TGTGCGGCAGACACGAGGGCAATGACTGTATTCTACTGG	CAADTRAMTVFYW	23N57=1X3=1X153=1X52=2X3=	284S15N6=	294S10N38=	F	T	IGH		39	11	4	1	273	1	320	285	290	16	21	295	332	11	48	411.0	0.9816800000000001	7.1e-117	12.2	1.0	47.0	73.7	1.0	2.46e-17	.......................GGGA...GGCTTGGTCCAGCCTGGGGGGTCCCTGAGACTCTCCTGTGCAGCCTCT	ATGAGCTGGGTCCGCCAGGCTCCAGGGAAGGGGCTGGAGTGGGTGGCCAAC	TACTATGTGGACTCTGTGAAG...GGCCGATTCACCATCTCCAGAGACAACGCCAAGAACTCACTGTTTCTGCAAATGAACAGCCTGAGAGCCGAGGACACGGCTGTGTATTACTGT	TGGGGCCAGGGAACCCTGGTCACCGTCTCCTCAG	GGATTAACCCTT............AGTAGCTATTGG	ATAAAGCAAGAT......GGAAGTGAGAAA	GCGGCAGACACGAGGGCAATGACTGTATTCTAC	4	3	IGHM,20100505_IGHV_left_2	IGHM	20100505_IGHV_left_2	SRR1383456	M4	human	IG
1AAAGCTTTCAGGTTT,1AAAGCTTTCAGGTTT	GGAGGCTTGGTCCAGCCTGGGGGGTCCCTGAGACTCTCCTGTGCAGCCTCTGGATTAACCCTTAGTAGCTATTGGATGAGCTGGGTCCGCCAGGCTCCAGGGAAGGGGCTGGAGTGGGTGGCCAACATAAAGCAAGATGGAAGTGAGAAATACTATGTGGACTCTGTGAAGGGCCGATTCACCATCTCCAGAGACAACGCCAAGAACTCACTGTTTCTGCAAATGAACAGCCTGAGAGCCGAGGACACGGCTGTGTATTACTGTGCGGCAGACACGAGGGCAATGACTGTATTCTACTGGGGCCAGGGAACCCTGGTCACCGTCTCCTCAGGAA	T	T	IGHV3-7*01	IGHD2-21*02,IGHD3-9*01	IGHJ4*02	........................GGA...GGCTTGGTCCAGCCTGGGGGGTCCCTGAGACTCTCCTGTGCAGCCTCTGGATTAACCCTT............AGTAGCTATTGGATGAGCTGGGTCCGCCAGGCTCCAGGGAAGGGGCTGGAGTGGGTGGCCAACATAAAGCAAGAT......GGAAGTGAGAAATACTATGTGGACTCTGTGAAG...GGCCGATTCACCATCTCCAGAGACAACGCCAAGAACTCACTGTTTCTGCAAATGAACAGCCTGAGAGCCGAGGACACGGCTGTGTATTACTGTGCGGCAGACACGAGGGCAATGACTGTATTCTACTGGGGCCAGGGAACCCTGGTCACCGTCTCCTCAG	GAGGTGCAGCTGGTGGAGTCTGGGGGA...GGCTTGGTCCAGCCTGGGGGGTCCCTGAGACTCTCCTGTGCAGCCTCTGGATTCACCTTT............AGTAGCTATTGGATGAGCTGGGTCCGCCAGGCTCCAGGGAAGGGGCTGGAGTGGGTGGCCAACATAAAGCAAGAT......GGAAGTGAGAAATACTATGTGGACTCTGTGAAG...GGCCGATTCACCATCTCCAGAGACAACGCCAAGAACTCACTGTATCTGCAAATGAACAGCCTGAGAGCCGAGGACACGGCTGTGTATTACTGTGCGAGAGANNNNNNNNNNNTGACTGNNNNCTACTGGGGCCAGGGAACCCTGGTCACCGTCTCCTCAG	TGTGCGGCAGACACGAGGGCAATGACTGTATTCTACTGG	CAADTRAMTVFYW	24N56=1X3=1X153=1X52=2X3=	283S15N6=	293S10N38=	F	T	IGH		39	11	4	1	272	1	320	284	289	16	21	294	331	11	48	410.0	0.98162	2.09e-116	12.2	1.0	47.0	73.7	1.0	2.46e-17	........................GGA...GGCTTGGTCCAGCCTGGGGGGTCCCTGAGACTCTCCTGTGCAGCCTCT	ATGAGCTGGGTCCGCCAGGCTCCAGGGAAGGGGCTGGAGTGGGTGGCCAAC	TACTATGTGGACTCTGTGAAG...GGCCGATTCACCATCTCCAGAGACAACGCCAAGAACTCACTGTTTCTGCAAATGAACAGCCTGAGAGCCGAGGACACGGCTGTGTATTACTGT	TGGGGCCAGGGAACCCTGGTCACCGTCTCCTCAG	GGATTAACCCTT............AGTAGCTATTGG	ATAAAGCAAGAT......GGAAGTGAGAAA	GCGGCAGACACGAGGGCAATGACTGTATTCTAC	3	1	IGHM,20100505_IGHV_left_36	IGHM	20100505_IGHV_left_36	SRR1383456	M4	human	IG
1TGGCGTAGTGGCTGG,1TGGCGTAGTGGCTGG	TACGCTGGTGAAACCCACACAGACCCTCACGCTGACCTGCACCTTCTCTGGTTTCTCTCTCAACACTAGAGGGGTGGGTGTGGGCTGGATCCGTCAGCCCCCAGGAAAGGCCCTGGAGTGGCTTTCACTCATTTATTGGGATGGTGCTAAACACTTCAGCCCATCTCTGAGGAGCAGGCTCACCATCACCAAGGACACCTCCAAAAGCCAGGTGGTCCTTTCAATGACCAACATGGCCCCTGTGGACACAGCCACATATTTCTGTGCGCACCATGGATTGATCGATAATTACGGTCCTCGGAGTGGCTCCCTCTTTGACCAGTGGGGCCAGGGAACCCTGGTCACCGTCTCCTCAGCCT	T	T	IGHV2-5*02	IGHD3-3*01,IGHD3-3*02,IGHD5-12*01	IGHJ4*02	..........................T...ACGCTGGTGAAACCCACACAGACCCTCACGCTGACCTGCACCTTCTCTGGTTTCTCTCTCAAC......ACTAGAGGGGTGGGTGTGGGCTGGATCCGTCAGCCCCCAGGAAAGGCCCTGGAGTGGCTTTCACTCATTTATTGGGAT.........GGTGCTAAACACTTCAGCCCATCTCTGAGG...AGCAGGCTCACCATCACCAAGGACACCTCCAAAAGCCAGGTGGTCCTTTCAATGACCAACATGGCCCCTGTGGACACAGCCACATATTTCTGTGCGCACCATGGATTGATCGATAATTACGGTCCTCGGAGTGGCTCCCTCTTTGACCAGTGGGGCCAGGGAACCCTGGTCACCGTCTCCTCAG	CAGATCACCTTGAAGGAGTCTGGTCCT...ACGCTGGTGAAACCCACACAGACCCTCACGCTGACCTGCACCTTCTCTGGGTTCTCACTCAGC......ACTAGTGGAGTGGGTGTGGGCTGGATCCGTCAGCCCCCAGGAAAGGCCCTGGAGTGGCTTGCACTCATTTATTGGGAT.........GATGATAAGCGCTACAGCCCATCTCTGAAG...AGCAGGCTCACCATCACCAAGGACACCTCCAAAAACCAGGTGGTCCTTACAATGACCAACATGGACCCTGTGGACACAGCCACATATTACTGTGCACACNNNNNNNNNNNNNNNNNNNNNNNNNNNNGGAGTGGNNNNNNCTTTGACTACTGGGGCCAGGGAACCCTGGTCACCGTCTCCTCAG	TGTGCGCACCATGGATTGATCGATAATTACGGTCCTCGGAGTGGCTCCCTCTTTGACCAGTGG	CAHHGLIDNYGPRSGSLFDQW	26N51=1X5=1X4=1X6=1X2=1X51=1X18=1X2=1X3=1X1=1X2=1X14=1X35=1X13=1X15=1X23=1X6=1X3=	299S14N7=	312S4N7=1X1=1X34=	F	T	IGH		63	28	6	1	271	1	318	300	306	15	21	313	356	5	48	371.0	0.93727	1.2e-104	14.1	1.0	13.0	73.7	0.95455	2.65e-17	..........................T...ACGCTGGTGAAACCCACACAGACCCTCACGCTGACCTGCACCTTCTCT	GTGGGCTGGATCCGTCAGCCCCCAGGAAAGGCCCTGGAGTGGCTTTCACTC	CACTTCAGCCCATCTCTGAGG...AGCAGGCTCACCATCACCAAGGACACCTCCAAAAGCCAGGTGGTCCTTTCAATGACCAACATGGCCCCTGTGGACACAGCCACATATTTCTGT	TGGGGCCAGGGAACCCTGGTCACCGTCTCCTCAG	GGTTTCTCTCTCAAC......ACTAGAGGGGTGGGT	ATTTATTGGGAT.........GGTGCTAAA	GCGCACCATGGATTGATCGATAATTACGGTCCTCGGAGTGGCTCCCTCTTTGACCAG	3	3	IGHG,20100505_IGHV_left_3	IGHG	20100505_IGHV_left_3	SRR1383456	M4	human	IG
1GGATCCTGCCAGACG,1GGATCCTGCCAGACG	GGGCTGAGGTGAAGAAGCCTGGGGCCTCAGTGAAGGTCTCCTGCAAGGCCTCTGGATACACCTTCACCAGTTATGATGTCACCTGGGTGCGACAGGCCCCTGGACAAGGGCTTGAGTGGATGGGATGGATGAACCCTGACAGTGGTAATATAGGATATGCACAGAAGTTCCAGGGCAGAGTCATCATGACCAGGAGTACCTCCATAAGCACAGCATACATGGAGCTGACCAGCCTGAGATCTGAGGACACGGCCGTGTATTATTGTGCGAGACGTCGACAGTATTACTATGGTTCGGGGGACTACTGGGGCCAGGGAACCCTGGTCACCGTCTCCTCAGCCT	T	T	IGHV1-8*01	IGHD3-10*01	IGHJ4*02	......................GGGCT...GAGGTGAAGAAGCCTGGGGCCTCAGTGAAGGTCTCCTGCAAGGCCTCTGGATACACCTTC............ACCAGTTATGATGTCACCTGGGTGCGACAGGCCCCTGGACAAGGGCTTGAGTGGATGGGATGGATGAACCCTGAC......AGTGGTAATATAGGATATGCACAGAAGTTCCAG...GGCAGAGTCATCATGACCAGGAGTACCTCCATAAGCACAGCATACATGGAGCTGACCAGCCTGAGATCTGAGGACACGGCCGTGTATTATTGTGCGAGACGTCGACAGTATTACTATGGTTCGGGGGACTACTGGGGCCAGGGAACCCTGGTCACCGTCTCCTCAG	CAGGTGCAGCTGGTGCAGTCTGGGGCT...GAGGTGAAGAAGCCTGGGGCCTCAGTGAAGGTCTCCTGCAAGGCTTCTGGATACACCTTC............ACCAGTTATGATATCAACTGGGTGCGACAGGCCACTGGACAAGGGCTTGAGTGGATGGGATGGATGAACCCTAAC......AGTGGTAACACAGGCTATGCACAGAAGTTCCAG...GGCAGAGTCACCATGACCAGGAACACCTCCATAAGCACAGCCTACATGGAGCTGAGCAGCCTGAGATCTGAGGACACGGCCGTGTATTACTGTGCGAGANNNNNNNNGTATTACTATGGTTCGGGGGACTACTGGGGCCAGGGAACCCTGGTCACCGTCTCCTCAG	TGTGCGAGACGTCGACAGTATTACTATGGTTCGGGGGACTACTGG	CARRRQYYYGSGDYW	22N49=1X27=1X3=1X16=1X38=1X10=1X1=1X3=1X28=1X11=2X17=1X13=1X33=1X9=	280S19=	299S8N40=	F	T	IGH		45	8	0	1	272	1	318	281	299	1	19	300	339	9	48	382.0	0.94853	5.93e-108	37.2	1.0	1.43e-06	77.6	1.0	1.75e-18	......................GGGCT...GAGGTGAAGAAGCCTGGGGCCTCAGTGAAGGTCTCCTGCAAGGCCTCT	GTCACCTGGGTGCGACAGGCCCCTGGACAAGGGCTTGAGTGGATGGGATGG	GGATATGCACAGAAGTTCCAG...GGCAGAGTCATCATGACCAGGAGTACCTCCATAAGCACAGCATACATGGAGCTGACCAGCCTGAGATCTGAGGACACGGCCGTGTATTATTGT	TGGGGCCAGGGAACCCTGGTCACCGTCTCCTCAG	GGATACACCTTC............ACCAGTTATGAT	ATGAACCCTGAC......AGTGGTAATATA	GCGAGACGTCGACAGTATTACTATGGTTCGGGGGACTAC	2	2	IGHG,20100505_IGHV_left_14	IGHG	20100505_IGHV_left_14	SRR1383456	M4	human	IG
1TATATGCCTTTCTGA,1TATATGCCTTTCTGA	GGGGAGGCTTGGTCCAGCCTGGGGGGTCCCTGAGACTCTCCTGTGCAGCCTCTGGATTAACCCTTAGTAGCTATTGGATGAGCTGGGTCCGCCAGGCTCCAGGGAAGGGGCTGGAGTGGGTGGCCAACATAAAGCAAGATGGAAGTGAGAAATACTATGTGGACTCTGTGAAGGGCCGATTCACCATCTCCAGAGACAACGCCAAGAACTCACTGTTTCTGCAAATGAACAGCCTGAGAGCCGAGGACACGGCTGTGTATTACTGTGCGGCAGACACGAGGGCAATGACTGTATTCTACTGGGGCCAGGGAACCCTGGTCACCGTCTCCTCAGGGA	T	T	IGHV3-7*01	IGHD2-21*02,IGHD3-9*01	IGHJ4*02	......................GGGGA...GGCTTGGTCCAGCCTGGGGGGTCCCTGAGACTCTCCTGTGCAGCCTCTGGATTAACCCTT............AGTAGCTATTGGATGAGCTGGGTCCGCCAGGCTCCAGGGAAGGGGCTGGAGTGGGTGGCCAACATAAAGCAAGAT......GGAAGTGAGAAATACTATGTGGACTCTGTGAAG...GGCCGATTCACCATCTCCAGAGACAACGCCAAGAACTCACTGTTTCTGCAAATGAACAGCCTGAGAGCCGAGGACACGGCTGTGTATTACTGTGCGGCAGACACGAGGGCAATGACTGTATTCTACTGGGGCCAGGGAACCCTGGTCACCGTCTCCTCAG	GAGGTGCAGCTGGTGGAGTCTGGGGGA...GGCTTGGTCCAGCCTGGGGGGTCCCTGAGACTCTCCTGTGCAGCCTCTGGATTCACCTTT............AGTAGCTATTGGATGAGCTGGGTCCGCCAGGCTCCAGGGAAGGGGCTGGAGTGGGTGGCCAACATAAAGCAAGAT......GGAAGTGAGAAATACTATGTGGACTCTGTGAAG...GGCCGATTCACCATCTCCAGAGACAACGCCAAGAACTCACTGTATCTGCAAATGAACAGCCTGAGAGCCGAGGACACGGCTGTGTATTACTGTGCGAGAGANNNNNNNNNNNTGACTGNNNNCTACTGGGGCCAGGGAACCCTGGTCACCGTCTCCTCAG	TGTGCGGCAGACACGAGGGCAATGACTGTATTCTACTGG	CAADTRAMTVFYW	22N58=1X3=1X153=1X52=2X3=	285S15N6=	295S10N38=	F	T	IGH		39	11	4	1	274	1	320	286	291	16	21	296	333	11	48	413.0	0.98175	2.42e-117	12.2	1.0	47.0	73.7	1.0	2.47e-17	......................GGGGA...GGCTTGGTCCAGCCTGGGGGGTCCCTGAGACTCTCCTGTGCAGCCTCT	ATGAGCTGGGTCCGCCAGGCTCCAGGGAAGGGGCTGGAGTGGGTGGCCAAC	TACTATGTGGACTCTGTGAAG...GGCCGATTCACCATCTCCAGAGACAACGCCAAGAACTCACTGTTTCTGCAAATGAACAGCCTGAGAGCCGAGGACACGGCTGTGTATTACTGT	TGGGGCCAGGGAACCCTGGTCACCGTCTCCTCAG	GGATTAACCCTT............AGTAGCTATTGG	ATAAAGCAAGAT......GGAAGTGAGAAA	GCGGCAGACACGAGGGCAATGACTGTATTCTAC	3	2	IGHM,20100505_IGHV_left_14	IGHM	20100505_IGHV_left_14	SRR1383456	M4	human	IG
1GTCGATGCTAAAGTA,1GTCGATGCTAAAGTA	CAATATGGTGCCCTGGGCAGAGCTGGCAGGAAGATGCCCTGCATACTCCATCCAACAGGGTAGCAGCCCTTCTTCTCCCCACACTGAGCCTTAGCAACCAGGGGCCTAAGCAGGAGCACAGCGTCACACTTCAGCTTTCTGGACATGGCCCAATGCCCCGCCCTCTGCTCACTGCGCTCAGGTCTGCCCTGAGCAGATGGAGGCTAGAAGGCTAGNATCTAGGAGACCTACAGTGTAACACACACGCGTACTGACTCATGAATCTGGGAGACCTGCGGCGTATCTCACACACCCACAC	T	F	IGHV1/OR15-5*01,IGHV1/OR15-5*02,IGHV1/OR21-1*01	IGHD4-11*01,IGHD4-4*01	IGHJ3*02	.........................................................................................................................................................................................................................................AACCAGGGGCCTAAGCAGGAGCACAGCGTCACACTTCAGCTTTCTGGACATGGCCCAATGCCCCGCCCTCTGCTCACTGCGCTCAGGTCTGCCCTGAGCAGATGGAGGCTAGAAGGCTAGNATCTAGGAGACCTACAGTGTAACACACACGCGTACTGACTCATGAATCTGGG	.....................................AGAAGCCTGGGGCCTCAGTGAAGGTCTCCTGCAAGGCTTCTGGATACACCTTC............ACCAGCTACTGTATGCACTGGGTGCACCAGGTCCATGCACAAGGGCTTGAGTGGATGGGATTGGTGTGCCCTAGT......GATGGCAGCACAAGCTATGCACAGAAGTTCCAG...GCCAGAGTCACCATAACCAGGGACACATCCATGAGCACAGCNNNNNNNNNNNNNNNNNNNNNNNNNNNNNNNNNNNNNNNNNNNNNNNNNNNNNNNNNNNNNNNNNNNNNNNNNNNNNNNNNNNNNNNNNNNNNNNNNNNNNNNNNCTACAGTNNNNNNNNNNNNNNNNNNNNNNNNNNNATCTGGG	CTGCGCTCAGGTCTGCCCTGAGCAGATGGAGGCTAGAAGGCTAGNATCTAGGAGACCTACAGTGTAACACACACGCGTACTGACTCATGAATCTGG	LRSGLP*ADGG*KAXI*ETYSVTHTRTDS*IW	95S175N8=1X1=2X1=2X2=1X9=	227S3N7=	261S13N7=	T	T	IGH		96	105	27	96	122	1	260	228	234	4	10	262	268	14	20	25.2	0.77778	1.3	14.1	1.0	11.0	14.1	1.0	20.0	..............................................................................	...................................................	......................................AACCAGGGGCCTAAGCAGGAGCACAGCGTCACACTTCAGCTTTCTGGACATGGCCCAATGCCCCGCCCTCTGCTCACTG	TGGG	....................................	..............................	CGCTCAGGTCTGCCCTGAGCAGATGGAGGCTAGAAGGCTAGNATCTAGGAGACCTACAGTGTAACACACACGCGTACTGACTCATGAATC	2	1	IGHE,20100505_IGHV_left_37	IGHE	20100505_IGHV_left_37	SRR1383456	M4	human	IG
1TTTTCTCTGGGTGTT,1TTTTCTCTGGGTGTT	GGGAGGCTTGGTCCAGCCTGGGGGGTCCCTGAGACTCTCCTGTGCAGCCTCTGGATTAACCCTTAGTAGCTATTGGATGAGCTGGGTCCGCCAGGCTCCAGGGAAGGGGCTGGAGTGGGTGGCCAACATAAAGCAAGATGGAAGTGAGAAATACTATGTGGACTCTGTNAAGGGCCGATTCACCATCTCCAGAGACAACGCCAAGAACTCACTGTTTCTGCAAATGAACAGCCTGAGAGCCGAGGACACGGCTGTGTATTACTGTGCGGCAGACACGAGGGCAATGACTGTATTCTACTGGGGCCAGGGAACCCTGGTCACCGTCTCCTCAGGGA	T	T	IGHV3-7*01	IGHD2-21*02,IGHD3-9*01	IGHJ4*02	.......................GGGA...GGCTTGGTCCAGCCTGGGGGGTCCCTGAGACTCTCCTGTGCAGCCTCTGGATTAACCCTT............AGTAGCTATTGGATGAGCTGGGTCCGCCAGGCTCCAGGGAAGGGGCTGGAGTGGGTGGCCAACATAAAGCAAGAT......GGAAGTGAGAAATACTATGTGGACTCTGTNAAG...GGCCGATTCACCATCTCCAGAGACAACGCCAAGAACTCACTGTTTCTGCAAATGAACAGCCTGAGAGCCGAGGACACGGCTGTGTATTACTGTGCGGCAGACACGAGGGCAATGACTGTATTCTACTGGGGCCAGGGAACCCTGGTCACCGTCTCCTCAG	GAGGTGCAGCTGGTGGAGTCTGGGGGA...GGCTTGGTCCAGCCTGGGGGGTCCCTGAGACTCTCCTGTGCAGCCTCTGGATTCACCTTT............AGTAGCTATTGGATGAGCTGGGTCCGCCAGGCTCCAGGGAAGGGGCTGGAGTGGGTGGCCAACATAAAGCAAGAT......GGAAGTGAGAAATACTATGTGGACTCTGTGAAG...GGCCGATTCACCATCTCCAGAGACAACGCCAAGAACTCACTGTATCTGCAAATGAACAGCCTGAGAGCCGAGGACACGGCTGTGTATTACTGTGCGAGAGANNNNNNNNNNNTGACTGNNNNCTACTGGGGCCAGGGAACCCTGGTCACCGTCTCCTCAG	TGTGCGGCAGACACGAGGGCAATGACTGTATTCTACTGG	CAADTRAMTVFYW	23N57=1X3=1X106=1X46=1X52=2X3=	284S15N6=	294S10N38=	F	T	IGH		39	11	4	1	273	1	320	285	290	16	21	295	332	11	48	408.0	0.9780200000000001	6.16e-116	12.2	1.0	47.0	73.7	1.0	2.46e-17	.......................GGGA...GGCTTGGTCCAGCCTGGGGGGTCCCTGAGACTCTCCTGTGCAGCCTCT	ATGAGCTGGGTCCGCCAGGCTCCAGGGAAGGGGCTGGAGTGGGTGGCCAAC	TACTATGTGGACTCTGTNAAG...GGCCGATTCACCATCTCCAGAGACAACGCCAAGAACTCACTGTTTCTGCAAATGAACAGCCTGAGAGCCGAGGACACGGCTGTGTATTACTGT	TGGGGCCAGGGAACCCTGGTCACCGTCTCCTCAG	GGATTAACCCTT............AGTAGCTATTGG	ATAAAGCAAGAT......GGAAGTGAGAAA	GCGGCAGACACGAGGGCAATGACTGTATTCTAC	2	1	IGHM,20100505_IGHV_left_2	IGHM	20100505_IGHV_left_2	SRR1383456	M4	human	IG
